Order_ID,Origin,Destination,Item_Code,Quantity,Dispatch_Date,SAP_Status
SO-50312,PL-SUR,CD-MER,LAC-1013,703,31-May-2026,In Transit
SO-50626,PL-SUR,CD-LEO,BOT-1001,2253,02-Jun-2026,Entregado
SO-51025,PL-SUR,CD-CAN,LAC-1003,172,2026-05-20,In Transit
SO-50101,PL-CEN,CD-TOL,BOT-1011,3140,2026-06-03,In Transit
SO-50776,PL-SUR,CD-LEO,PRO-1000,2683,03-Jun-2026,En Transito
SO-50491,PL-NTE,CD-TIJ,PRO-1005,1577,2026-05-31,In Transit
SO-50006,PL-SUR,CD-LEO,PRO-1009,916,03-Jun-2026,In Transit
SO-50058,PL-NTE,CD-CHI,LAC-1002,1980,2026-06-03,In Transit
SO-51008,PL-SUR,CD-MOR,LAC-1016,153,2026-05-21,In Transit
SO-50262,PL-SUR,CD-MOR,LAC-1014,411,2026-06-02,En Transito
SO-50124,PL-NTE,CD-TIJ,BEB-1006,328,01-Jun-2026,In Transit
SO-50587,PL-CEN,CD-TOL,ABA-1011,263,02-Jun-2026,In Transit
SO-50469,PL-CEN,CD-QRO,BOT-1015,616,02-Jun-2026,In Transit
SO-50571,PL-CEN,CD-CDMX,ABA-1006,603,03-Jun-2026,In Transit
SO-50977,PL-NTE,CD-MTY,ABA-1016,604,03-Jun-2026,In Transit
SO-50478,PL-SUR,CD-LEO,BOT-1003,2187,02-Jun-2026,In Transit
SO-50479,PL-CEN,CD-PUE,BEB-1014,1161,2026-06-03,In Transit
SO-51098,PL-CEN,CD-TOL,BOT-1001,281,2026-05-28,In Transit
SO-50126,PL-CEN,CD-PUE,BOT-1013,1967,2026-06-03,IN_TRANSIT
SO-50303,PL-SUR,CD-MOR,BEB-1021,660,03-Jun-2026,En Transito
SO-50755,PL-NTE,CD-MTY,BOT-1013,2221,2026-06-03,IN_TRANSIT
SO-50863,PL-NTE,CD-CHI,BEB-1020,698,2026-06-02,En Transito
SO-50569,PL-CEN,CD-QRO,ABA-1004,588,2026-06-02,In Transit
SO-50184,PL-SUR,CD-MOR,BOT-1018,2371,03-Jun-2026,In Transit
SO-50960,PL-CEN,CD-CDMX,ABA-1013,2015,03-Jun-2026,IN_TRANSIT
SO-50047,PL-NTE,CD-HER,BEB-1009,1888,01-Jun-2026,In Transit
SO-50500,PL-NTE,CD-HER,PRO-1002,2093,03-Jun-2026,in transit
SO-50875,PL-SUR,CD-GDL,PRO-1002,1542,2026-06-03,in transit
SO-50168,PL-CEN,CD-CDMX,BOT-1017,1391,2026-06-03,In Transit
SO-51071,PL-CEN,CD-CDMX,BEB-1017,63,2026-06-02,In Transit
SO-50197,PL-SUR,CD-CAN,BOT-1020,2454,03-Jun-2026,in transit
SO-50120,PL-CEN,CD-CDMX, BOT-1004 ,1976,2026-06-03,In Transit
SO-50534,PL-CEN,CD-QRO, ABA-1016 ,1641,2026-06-02,In Transit
SO-50596,PL-CEN,CD-QRO,BOT-1011,1210,02-Jun-2026,In Transit
SO-50123,PL-CEN,CD-TOL, LAC-1016 ,880,02-Jun-2026,In Transit
SO-51029,PL-NTE,CD-TIJ,LAC-1015,159,20-May-2026,In Transit
SO-50385,PL-NTE,CD-CHI,LAC-1016,372,2026-06-02,IN_TRANSIT
SO-50323,PL-SUR,CD-MOR,ABA-1005,1195,2026-06-03,In Transit
SO-50853,PL-SUR,CD-GDL,BEB-1003,763,03-Jun-2026,In Transit
SO-50751,PL-CEN,CD-VER,BOT-1005,1374,02-Jun-2026,Entregado
SO-50416,PL-SUR,CD-MOR,ABA-1004,807,03-Jun-2026,In Transit
SO-50477,PL-CEN,CD-VER,PRO-1000,1874,02-Jun-2026,In Transit
SO-50415,PL-CEN,CD-CDMX,BEB-1015,1002,2026-06-03,En Transito
SO-50083,PL-CEN,CD-VER,BEB-1005,1218,2026-06-03,In Transit
SO-50541,PL-NTE,CD-MTY,ABA-1016,1408,2026-06-03,In Transit
SO-50495,PL-NTE,CD-SAL,ABA-1012,993,2026-06-02,In Transit
SO-50431,PL-CEN,CD-TOL,BOT-1015,2627,2026-06-02,En Transito
SO-50981,PL-SUR,CD-GDL,LAC-1003,1334,03-Jun-2026,In Transit
SO-50149,PL-SUR,CD-CAN,LAC-1006,1124,03-Jun-2026,In Transit
SO-50247,PL-NTE,CD-HER,BOT-1000,2630,2026-06-01,In Transit
SO-50134,PL-NTE,CD-MTY,BEB-1014,416,2026-06-03,En Transito
SO-50404,PL-NTE,CD-TIJ,PRO-1000,2331,02-Jun-2026,in transit
SO-50118,PL-NTE,CD-TIJ,ABA-1013,413,2026-05-30,In Transit
SO-51056,PL-CEN,CD-CDMX,BEB-1008,88,02-Jun-2026,In Transit
SO-50474,PL-NTE,CD-SAL,PRO-1003,257,2026-06-02,In Transit
SO-50676,PL-SUR,CD-CAN,BOT-1015,1248,2026-06-03,EN TRANSITO
SO-51004,PL-SUR,CD-MER,LAC-1008,108,2026-05-23,In Transit
SO-50205,PL-CEN,CD-TOL,BEB-1016,826,2026-06-03,In Transit
SO-50968,PL-NTE,CD-HER,PRO-1006,1290,01-Jun-2026,In Transit
SO-50334,PL-NTE,CD-SAL,ABA-1008,1283,2026-06-02,In Transit
SO-50199,PL-SUR,CD-GDL,BEB-1015,359,03-Jun-2026,In Transit
SO-50128,PL-CEN,CD-CDMX,PRO-1014,814,2026-06-03,In Transit
SO-50240,PL-CEN,CD-PUE,BOT-1009,2008,03-Jun-2026,In Transit
SO-50754,PL-NTE,CD-CHI,ABA-1012,1785,2026-06-02,En Transito
SO-50919,PL-SUR,CD-GDL,BEB-1014,2212,03-Jun-2026,In Transit
SO-50139,PL-CEN,CD-VER,ABA-1006,867,2026-06-02,in transit
SO-50591,PL-SUR,CD-CAN,LAC-1012,1893,31-May-2026,In Transit
SO-50484,PL-NTE,CD-SAL,BEB-1007,1104,03-Jun-2026,IN_TRANSIT
SO-50131,PL-SUR,CD-MOR,LAC-1010,728,03-Jun-2026,In Transit
SO-50338,PL-NTE,CD-CHI,ABA-1013,1170,02-Jun-2026,En Transito
SO-50860,PL-CEN,CD-CDMX,PRO-1015,1701,2026-06-03,EN TRANSITO
SO-50413,PL-NTE,CD-HER,BEB-1015,1082,01-Jun-2026,In Transit
SO-50671,PL-SUR,CD-GDL,BEB-1005,801,03-Jun-2026,In Transit
SO-50012,PL-CEN,CD-QRO,BEB-1015,1862,02-Jun-2026,EN TRANSITO
SO-50859,PL-NTE,CD-TIJ,PRO-1008,2028,2026-05-31,In Transit
SO-50890,PL-CEN,CD-TOL,PRO-1006,2778,03-Jun-2026,In Transit
SO-50957,PL-SUR,CD-CAN,BEB-1005,1098,02-Jun-2026,Entregado
SO-50211,PL-NTE,CD-TIJ,LAC-1005,1321,2026-06-03,In Transit
SO-51069,PL-SUR,CD-LEO,ABA-1010,83,01-Jun-2026,in transit
SO-50667,PL-SUR,CD-LEO,PRO-1000,1893,02-Jun-2026,In Transit
SO-50834,PL-SUR,CD-LEO,BOT-1013,2080,03-Jun-2026,In Transit
SO-50098,PL-CEN,CD-VER,ABA-1008,818,01-Jun-2026,In Transit
SO-50172,PL-CEN,CD-PUE, BOT-1020 ,1839,2026-06-03,En Transito
SO-50697,PL-CEN,CD-TOL,BEB-1015,1620,2026-06-03,In Transit
SO-50163,PL-NTE,CD-SAL,LAC-1002,262,02-Jun-2026,In Transit
SO-50987,PL-CEN,CD-VER,PRO-1000,363,2026-06-01,In Transit
SO-50712,PL-NTE,CD-TIJ,ABA-1019,1264,2026-05-31,In Transit
SO-50583,PL-CEN,CD-PUE,PRO-1000,2252,03-Jun-2026,in transit
SO-50335,PL-NTE,CD-HER, LAC-1013 ,463,02-Jun-2026,Entregado
SO-51034,PL-NTE,CD-MTY,LAC-1008,222,2026-05-23,In Transit
SO-50129,PL-NTE,CD-CHI,ABA-1017,437,2026-06-01,In Transit
SO-50731,PL-NTE,CD-HER,LAC-1010,1846,2026-05-31,In Transit
SO-50460,PL-SUR,CD-LEO,BOT-1004,918,02-Jun-2026,In Transit
SO-50004,PL-CEN,CD-PUE, BOT-1005 ,466,03-Jun-2026,In Transit
SO-50192,PL-SUR,CD-GDL,PRO-1008,376,2026-06-03,EN TRANSITO
SO-50660,PL-SUR,CD-MER,BOT-1014,1479,2026-06-03,In Transit
SO-50656,PL-SUR,CD-MER, PRO-1003 ,1019,02-Jun-2026,In Transit
SO-51018,PL-SUR,CD-CAN, LAC-1000 ,376,18-May-2026,In Transit
SO-50068,PL-CEN,CD-VER,PRO-1010,2900,03-Jun-2026,In Transit
SO-50165,PL-SUR,CD-MER,LAC-1014,1932,2026-06-03,In Transit
SO-50564,PL-NTE,CD-TIJ,BEB-1000,1195,02-Jun-2026,In Transit
SO-50254,PL-SUR,CD-GDL,ABA-1003,1349,03-Jun-2026,En Transito
SO-50231,PL-NTE,CD-CHI,BEB-1003,658,02-Jun-2026,in transit
SO-51011,PL-SUR,CD-LEO,LAC-1005,361,24-May-2026,in transit
SO-50137,PL-CEN,CD-TOL, BEB-1004 ,893,03-Jun-2026,In Transit
SO-50767,PL-CEN,CD-PUE,ABA-1003,1052,2026-06-03,In Transit
SO-50342,PL-NTE,CD-TIJ, BEB-1013 ,1697,30-May-2026,EN TRANSITO
SO-50135,PL-NTE,CD-SAL, PRO-1004 ,1399,02-Jun-2026,In Transit
SO-50846,PL-SUR,CD-MOR,PRO-1013,1253,03-Jun-2026,In Transit
SO-50718,PL-SUR,CD-CAN,ABA-1004,1294,2026-05-30,In Transit
SO-50377,PL-SUR,CD-MER,BEB-1011,2895,03-Jun-2026,In Transit
SO-50362,PL-SUR,CD-MER,LAC-1007,1802,31-May-2026,In Transit
SO-50719,PL-NTE,CD-CHI, LAC-1003 ,477,2026-06-02,In Transit
SO-51063,PL-NTE,CD-TIJ,PRO-1011,82,02-Jun-2026,In Transit
SO-50341,PL-SUR,CD-LEO,BEB-1020,660,2026-06-02,In Transit
SO-50456,PL-CEN,CD-PUE,BOT-1017,980,2026-06-03,In Transit
SO-50457,PL-CEN,CD-VER, ABA-1015 ,872,2026-06-03,In Transit
SO-50838,PL-SUR,CD-LEO,ABA-1015,454,03-Jun-2026,In Transit
SO-50095,PL-CEN,CD-CDMX,PRO-1012,-25,2026-06-03,In Transit
SO-51006,PL-SUR,CD-MER,LAC-1011,318,21-May-2026,IN_TRANSIT
SO-50758,PL-NTE,CD-TIJ, BOT-1000 ,1126,2026-06-01,In Transit
SO-51096,PL-SUR,CD-GDL,LAC-1005,449,2026-05-27,in transit
SO-50429,PL-NTE,CD-CHI,BOT-1013,439,02-Jun-2026,In Transit
SO-50170,PL-NTE,CD-HER,BEB-1003,541,02-Jun-2026,In Transit
SO-50632,PL-SUR,CD-CAN,ABA-1010,600,02-Jun-2026,In Transit
SO-50869,PL-CEN,CD-VER, LAC-1010 ,648,02-Jun-2026,In Transit
SO-50462,PL-NTE,CD-TIJ, PRO-1000 ,2078,01-Jun-2026,In Transit
SO-50407,PL-CEN,CD-TOL,BOT-1022,795,02-Jun-2026,In Transit
SO-50279,PL-NTE,CD-HER,BEB-1008,424,2026-05-31,In Transit
SO-50851,PL-CEN,CD-PUE,BEB-1008,1071,2026-06-03,In Transit
SO-50952,PL-SUR,CD-MER, BEB-1011 ,2595,2026-06-01,In Transit
SO-50251,PL-NTE,CD-HER,BEB-1015,282,2026-06-02,EN TRANSITO
SO-50156,PL-SUR,CD-MOR,BOT-1020,1039,03-Jun-2026,in transit
SO-50343,PL-CEN,CD-VER,BEB-1003,682,02-Jun-2026,En Transito
SO-50476,PL-SUR,CD-LEO,ABA-1016,697,02-Jun-2026,In Transit
SO-50634,PL-CEN,CD-QRO,ABA-1017,1092,03-Jun-2026,in transit
SO-50680,PL-SUR,CD-LEO,ABA-1005,2093,2026-06-02,In Transit
SO-50862,PL-NTE,CD-SAL,BEB-1006,1815,2026-06-02,in transit
SO-50146,PL-NTE,CD-HER,PRO-1001,1308,01-Jun-2026,In Transit
SO-50984,PL-SUR,CD-CAN,ABA-1013,1484,2026-06-03,In Transit
SO-50222,PL-NTE,CD-CHI,PRO-1000,1540,03-Jun-2026,In Transit
SO-50590,PL-NTE,CD-SAL,ABA-1003,403,02-Jun-2026,In Transit
SO-50125,PL-NTE,CD-SAL,ABA-1017,1154,2026-06-02,IN_TRANSIT
SO-50517,PL-SUR,CD-MER,BEB-1020,1057,2026-06-02,In Transit
SO-50225,PL-SUR,CD-GDL,ABA-1015,1340,2026-06-03,In Transit
SO-50291,PL-SUR,CD-LEO,LAC-1003,635,02-Jun-2026,In Transit
SO-50136,PL-SUR,CD-CAN,BEB-1019,544,2026-05-30,In Transit
SO-50629,PL-SUR,CD-MER,LAC-1002,1185,31-May-2026,IN_TRANSIT
SO-50876,PL-CEN,CD-VER,LAC-1016,1006,03-Jun-2026,In Transit
SO-50580,PL-CEN,CD-CDMX, PRO-1011 ,574,2026-06-03,In Transit
SO-50732,PL-CEN,CD-QRO,BOT-1008,1155,03-Jun-2026,In Transit
SO-50633,PL-NTE,CD-CHI,BOT-1007,3645,02-Jun-2026,In Transit
SO-50944,PL-SUR,CD-LEO,BOT-1013,901,03-Jun-2026,In Transit
SO-50053,PL-SUR,CD-MER,BOT-1008,1209,2026-06-01,Entregado
SO-50018,PL-NTE,CD-MTY,BEB-1009,1141,03-Jun-2026,In Transit
SO-50029,PL-CEN,CD-VER,LAC-1014,444,2026-06-02,In Transit
SO-50572,PL-SUR,CD-LEO, ABA-1005 ,704,2026-06-02,In Transit
SO-50586,PL-NTE,CD-MTY,BEB-1016,415,2026-06-03,En Transito
SO-50422,PL-SUR,CD-LEO,ABA-1003,1494,2026-06-03,In Transit
SO-50072,PL-CEN,CD-VER, LAC-1015 ,484,2026-06-02,In Transit
SO-50159,PL-SUR,CD-MER,PRO-1010,441,2026-06-03,In Transit
SO-50864,PL-SUR,CD-LEO,ABA-1015,1050,2026-06-02,In Transit
SO-50847,PL-NTE,CD-TIJ,BOT-1021,2221,2026-06-03,EN TRANSITO
SO-50709,PL-NTE,CD-SAL,ABA-1017,0,02-Jun-2026,In Transit
SO-50971,PL-CEN,CD-VER,BEB-1020,2179,2026-06-01,In Transit
SO-50214,PL-NTE,CD-HER,LAC-1009,1746,2026-05-31,In Transit
SO-50464,PL-NTE,CD-HER,BOT-1000,793,2026-06-03,In Transit
SO-50866,PL-NTE,CD-SAL,BOT-1012,1620,2026-06-02,In Transit
SO-50453,PL-CEN,CD-TOL,LAC-1002,646,03-Jun-2026,in transit
SO-50624,PL-CEN,CD-TOL,XXX-8415,768,03-Jun-2026,EN TRANSITO
SO-50873,PL-CEN,CD-CDMX,LAC-1009,851,03-Jun-2026,In Transit
SO-50887,PL-CEN,CD-QRO,PRO-1011,1791,03-Jun-2026,In Transit
SO-51086,PL-CEN,CD-CDMX,BOT-1017,49,2026-06-01,In Transit
SO-50057,PL-SUR,CD-CAN,BEB-1007,936,03-Jun-2026,In Transit
SO-50837,PL-SUR,CD-MER,ABA-1007,1256,2026-06-02,In Transit
SO-50060,PL-NTE,CD-TIJ,LAC-1012,570,02-Jun-2026,In Transit
SO-50737,PL-CEN,CD-CDMX,BEB-1007,1892,03-Jun-2026,In Transit
SO-50403,PL-SUR,CD-MOR,BOT-1009,1482,03-Jun-2026,In Transit
SO-50636,PL-NTE,CD-TIJ,PRO-1001,917,01-Jun-2026,In Transit
SO-50773,PL-CEN,CD-QRO,ABA-1000,948,03-Jun-2026,In Transit
SO-50820,PL-SUR,CD-GDL,BEB-1015,1103,2026-06-03,in transit
SO-50002,PL-NTE,CD-CHI,BOT-1011,1118,02-Jun-2026,IN_TRANSIT
SO-50884,PL-SUR,CD-LEO,BOT-1010,1250,2026-06-02,In Transit
SO-50043,PL-NTE,CD-HER,ABA-1004,504,01-Jun-2026,In Transit
SO-50448,PL-NTE,CD-HER,BEB-1015,786,31-May-2026,EN TRANSITO
SO-51026,PL-SUR,CD-MER,LAC-1010,229,2026-05-17,In Transit
SO-50514,PL-CEN,CD-CDMX,LAC-1006,319,03-Jun-2026,in transit
SO-50978,PL-SUR,CD-GDL,BOT-1020,1018,2026-06-03,In Transit
SO-50705,PL-CEN,CD-QRO,BEB-1003,1781,2026-06-03,Entregado
SO-50645,PL-CEN,CD-QRO,BOT-1016,2057,02-Jun-2026,In Transit
SO-50437,PL-CEN,CD-QRO,LAC-1015,381,2026-06-03,In Transit
SO-50926,PL-NTE,CD-CHI, BOT-1010 ,2126,2026-06-01,EN TRANSITO
SO-50430,PL-NTE,CD-MTY,BEB-1006,850,2026-06-03,Entregado
SO-50339,PL-CEN,CD-VER,PRO-1011,867,03-Jun-2026,In Transit
SO-50273,PL-CEN,CD-CDMX,BOT-1018,1333,2026-06-03,In Transit
SO-50679,PL-NTE,CD-HER, BEB-1016 ,1339,03-Jun-2026,in transit
SO-50401,PL-NTE,CD-SAL,BOT-1015,2185,02-Jun-2026,In Transit
SO-50315,PL-CEN,CD-CDMX,BOT-1005,1121,03-Jun-2026,In Transit
SO-50602,PL-SUR,CD-MER, ABA-1004 ,1449,31-May-2026,In Transit
SO-50809,PL-NTE,CD-CHI,PRO-1003,479,01-Jun-2026,In Transit
SO-50654,PL-CEN,CD-PUE, BOT-1013 ,3572,2026-06-03,In Transit
SO-50161,PL-NTE,CD-TIJ,BEB-1020,453,01-Jun-2026,In Transit
SO-50614,PL-SUR,CD-GDL,PRO-1006,2317,03-Jun-2026,in transit
SO-50892,PL-CEN,CD-TOL,PRO-1001,993,03-Jun-2026,in transit
SO-50321,PL-NTE,CD-TIJ,BEB-1010,852,30-May-2026,In Transit
SO-50037,PL-NTE,CD-MTY, PRO-1002 ,532,03-Jun-2026,In Transit
SO-50844,PL-NTE,CD-TIJ,BEB-1003,1435,03-Jun-2026,In Transit
SO-50346,PL-SUR,CD-CAN,LAC-1002,1863,03-Jun-2026,IN_TRANSIT
SO-51066,PL-CEN,CD-CDMX,BOT-1008,21,02-Jun-2026,In Transit
SO-50604,PL-SUR,CD-GDL,PRO-1007,2070,2026-06-03,In Transit
SO-50041,PL-CEN,CD-CDMX,BEB-1013,2051,2026-06-03,In Transit
SO-50162,PL-SUR,CD-LEO, PRO-1005 ,643,03-Jun-2026,In Transit
SO-50784,PL-NTE,CD-SAL,BEB-1010,781,03-Jun-2026,In Transit
SO-50507,PL-NTE,CD-CHI, LAC-1014 ,667,2026-06-01,In Transit
SO-50824,PL-SUR,CD-MER,PRO-1008,2461,01-Jun-2026,In Transit
SO-50294,PL-SUR,CD-MOR,ABA-1005,1180,02-Jun-2026,In Transit
SO-50985,PL-SUR,CD-MER,BEB-1019,1066,02-Jun-2026,In Transit
SO-50647,PL-SUR,CD-MER,LAC-1015,517,02-Jun-2026,In Transit
SO-50861,PL-CEN,CD-VER,ABA-1012,992,03-Jun-2026,In Transit
SO-50090,PL-SUR,CD-MOR,BOT-1018,3159,2026-06-03,In Transit
SO-50548,PL-CEN,CD-QRO, BEB-1015 ,1976,2026-06-03,Entregado
SO-50181,PL-NTE,CD-TIJ,BEB-1004,1949,2026-05-31,In Transit
SO-50921,PL-NTE,CD-HER,PRO-1015,1892,2026-06-02,En Transito
SO-50243,PL-SUR,CD-CAN, PRO-1012 ,1979,2026-06-02,In Transit
SO-50286,PL-CEN,CD-VER,PRO-1005,3285,2026-06-01,in transit
SO-50685,PL-NTE,CD-TIJ,LAC-1015,1134,2026-06-01,In Transit
SO-50598,PL-SUR,CD-MOR,LAC-1004,846,2026-06-03,In Transit
SO-50459,PL-SUR,CD-MOR,BEB-1012,617,2026-06-03,In Transit
SO-51050,PL-CEN,CD-PUE,BEB-1000,69,03-Jun-2026,EN TRANSITO
SO-50364,PL-NTE,CD-SAL, LAC-1009 ,1145,03-Jun-2026,In Transit
SO-50050,PL-SUR,CD-GDL,ABA-1005,842,2026-06-03,In Transit
SO-50226,PL-CEN,CD-CDMX,BEB-1011,1425,03-Jun-2026,Entregado
SO-51101,PL-SUR,CD-LEO,BOT-1012,225,2026-05-28,In Transit
SO-50311,PL-CEN,CD-PUE, BEB-1017 ,2431,03-Jun-2026,In Transit
SO-50249,PL-CEN,CD-TOL,LAC-1013,796,03-Jun-2026,in transit
SO-50750,PL-CEN,CD-TOL,BOT-1004,689,02-Jun-2026,In Transit
SO-50801,PL-SUR,CD-CAN,BOT-1007,2303,2026-06-01,IN_TRANSIT
SO-50738,PL-CEN,CD-PUE,BOT-1013,1462,03-Jun-2026,In Transit
SO-50934,PL-CEN,CD-VER,PRO-1013,681,01-Jun-2026,IN_TRANSIT
SO-50042,PL-NTE,CD-HER,BOT-1002,2916,02-Jun-2026,EN TRANSITO
SO-50328,PL-SUR,CD-LEO,BEB-1003,1430,02-Jun-2026,In Transit
SO-51103,PL-SUR,CD-GDL,BEB-1010,188,26-May-2026,En Transito
SO-50560,PL-SUR,CD-MER,BEB-1008,2375,2026-06-03,In Transit
SO-50419,PL-NTE,CD-HER,PRO-1010,1481,01-Jun-2026,in transit
SO-50027,PL-NTE,CD-CHI,PRO-1008,1908,2026-06-03,In Transit
SO-50332,PL-NTE,CD-HER,BEB-1016,651,03-Jun-2026,In Transit
SO-50720,PL-CEN,CD-QRO,LAC-1001,556,2026-06-03,In Transit
SO-50344,PL-SUR,CD-CAN, BOT-1017 ,1984,2026-06-01,In Transit
SO-50559,PL-SUR,CD-CAN,BEB-1017,1443,2026-05-30,IN_TRANSIT
SO-50078,PL-NTE,CD-SAL,PRO-1002,1156,2026-06-02,In Transit
SO-50816,PL-SUR,CD-LEO,BEB-1016,1515,2026-06-03,In Transit
SO-51010,PL-NTE,CD-TIJ,LAC-1002,150,20-May-2026,In Transit
SO-50535,PL-CEN,CD-QRO,PRO-1013,526,03-Jun-2026,In Transit
SO-50929,PL-SUR,CD-LEO,PRO-1013,316,2026-06-03,Entregado
SO-51005,PL-NTE,CD-MTY,LAC-1015,142,2026-05-16,Entregado
SO-50523,PL-CEN,CD-QRO,BEB-1011,1853,2026-06-03,In Transit
SO-50116,PL-SUR,CD-MOR,ABA-1006,925,02-Jun-2026,EN TRANSITO
SO-50305,PL-SUR,CD-CAN,BEB-1016,557,2026-06-02,EN TRANSITO
SO-50521,PL-CEN,CD-PUE,PRO-1013,909,03-Jun-2026,En Transito
SO-50635,PL-NTE,CD-TIJ,LAC-1012,638,2026-06-01,In Transit
SO-51059,PL-CEN,CD-TOL,BEB-1002,82,2026-06-01,In Transit
SO-50186,PL-CEN,CD-TOL,BEB-1014,-25,2026-06-03,In Transit
SO-50442,PL-CEN,CD-PUE,LAC-1016,673,2026-06-03,En Transito
SO-50309,PL-SUR,CD-GDL,BEB-1003,491,2026-06-03,In Transit
SO-50951,PL-NTE,CD-SAL,ABA-1018,518,2026-06-02,In Transit
SO-51036,PL-CEN,CD-TOL,LAC-1016,283,19-May-2026,In Transit
SO-51075,PL-NTE,CD-CHI, PRO-1015 ,24,03-Jun-2026,In Transit
SO-50603,PL-CEN,CD-PUE,BOT-1018,2755,2026-06-03,In Transit
SO-50874,PL-NTE,CD-SAL,BOT-1014,888,2026-06-02,in transit
SO-50178,PL-CEN,CD-CDMX,BEB-1003,1337,03-Jun-2026,in transit
SO-50389,PL-SUR,CD-CAN, ABA-1012 ,1187,01-Jun-2026,In Transit
SO-50568,PL-CEN,CD-QRO,BEB-1019,1246,2026-06-02,EN TRANSITO
SO-50895,PL-SUR,CD-MER,PRO-1010,1129,03-Jun-2026,In Transit
SO-50433,PL-SUR,CD-GDL,PRO-1012,1734,03-Jun-2026,In Transit
SO-50855,PL-CEN,CD-TOL,BOT-1005,2173,03-Jun-2026,In Transit
SO-50393,PL-NTE,CD-SAL,BOT-1008,1160,2026-06-03,EN TRANSITO
SO-50147,PL-NTE,CD-SAL,BOT-1023,3695,03-Jun-2026,In Transit
SO-50109,PL-CEN,CD-VER,ABA-1019,1861,02-Jun-2026,In Transit
SO-51052,PL-NTE,CD-HER,ABA-1009,78,2026-06-02,In Transit
SO-50606,PL-CEN,CD-QRO,ABA-1005,394,2026-06-02,In Transit
SO-50907,PL-CEN,CD-QRO,PRO-1004,1736,2026-06-02,in transit
SO-50270,PL-CEN,CD-QRO,BEB-1009,1148,02-Jun-2026,In Transit
SO-50599,PL-SUR,CD-GDL,BEB-1010,1554,2026-06-03,In Transit
SO-50774,PL-NTE,CD-HER,ABA-1014,1436,01-Jun-2026,In Transit
SO-50953,PL-CEN,CD-VER,ABA-1012,1161,2026-06-01,In Transit
SO-50716,PL-CEN,CD-QRO,BEB-1014,1500,2026-06-03,In Transit
SO-50032,PL-NTE,CD-HER,BEB-1012,695,2026-06-01,EN TRANSITO
SO-50288,PL-CEN,CD-VER,LAC-1002,1076,01-Jun-2026,EN TRANSITO
SO-51023,PL-CEN,CD-CDMX,LAC-1007,394,2026-05-19,In Transit
SO-50763,PL-CEN,CD-VER,BOT-1019,782,02-Jun-2026,In Transit
SO-50472,PL-NTE,CD-TIJ,PRO-1005,2146,2026-06-03,In Transit
SO-51028,PL-NTE,CD-CHI,LAC-1001,240,2026-05-21,EN TRANSITO
SO-50102,PL-NTE,CD-CHI,BOT-1022,2923,01-Jun-2026,In Transit
SO-50904,PL-NTE,CD-SAL,LAC-1005,862,02-Jun-2026,In Transit
SO-50912,PL-CEN,CD-VER,LAC-1005,1213,2026-06-01,In Transit
SO-50410,PL-CEN,CD-CDMX,PRO-1005,955,2026-06-03,In Transit
SO-50888,PL-CEN,CD-PUE,BOT-1000,1261,03-Jun-2026,In Transit
SO-50044,PL-CEN,CD-QRO,BEB-1017,1140,2026-06-02,EN TRANSITO
SO-50852,PL-NTE,CD-CHI,PRO-1010,2035,01-Jun-2026,In Transit
SO-50627,PL-NTE,CD-CHI,BOT-1000,918,2026-06-01,In Transit
SO-50373,PL-CEN,CD-QRO,LAC-1009,905,03-Jun-2026,Entregado
SO-50017,PL-CEN,CD-VER,BOT-1006,1220,03-Jun-2026,Entregado
SO-50715,PL-NTE,CD-MTY,BOT-1016,1425,03-Jun-2026,In Transit
SO-50670,PL-SUR,CD-CAN,ABA-1016,823,01-Jun-2026,In Transit
SO-50578,PL-NTE,CD-HER,PRO-1015,885,31-May-2026,Entregado
SO-50392,PL-CEN,CD-TOL,BOT-1002,1864,03-Jun-2026,In Transit
SO-50544,PL-NTE,CD-TIJ,ABA-1006,879,31-May-2026,In Transit
SO-50505,PL-CEN,CD-VER,BEB-1005,1479,2026-06-02,EN TRANSITO
SO-51104,PL-SUR,CD-GDL,ABA-1013,344,2026-05-26,In Transit
SO-50399,PL-CEN,CD-QRO,LAC-1011,1184,02-Jun-2026,In Transit
SO-51014,PL-NTE,CD-CHI,LAC-1013,358,25-May-2026,EN TRANSITO
SO-50034,PL-CEN,CD-PUE,BOT-1023,733,03-Jun-2026,In Transit
SO-50829,PL-NTE,CD-HER,BEB-1019,2462,02-Jun-2026,En Transito
SO-51073,PL-CEN,CD-TOL,BOT-1021,29,2026-06-01,In Transit
SO-50352,PL-SUR,CD-MOR,PRO-1014,675,03-Jun-2026,In Transit
SO-50076,PL-SUR,CD-MER,BOT-1001,1171,03-Jun-2026,IN_TRANSIT
SO-50746,PL-NTE,CD-HER,BEB-1016,955,03-Jun-2026,Entregado
SO-51105,PL-CEN,CD-CDMX,ABA-1005,489,2026-05-28,In Transit
SO-51054,PL-SUR,CD-GDL,PRO-1001,20,02-Jun-2026,Entregado
SO-50639,PL-SUR,CD-GDL,ABA-1005,1149,2026-06-03,EN TRANSITO
SO-50857,PL-CEN,CD-QRO,BOT-1021,650,03-Jun-2026,In Transit
SO-50900,PL-CEN,CD-VER,LAC-1008,917,2026-06-02,In Transit
SO-50947,PL-NTE,CD-SAL,BOT-1017,2085,02-Jun-2026,EN TRANSITO
SO-50174,PL-SUR,CD-LEO,BOT-1013,1821,2026-06-02,IN_TRANSIT
SO-50424,PL-NTE,CD-SAL,BOT-1002,2109,2026-06-02,In Transit
SO-50268,PL-CEN,CD-QRO,ABA-1016,922,2026-06-03,In Transit
SO-50616,PL-CEN,CD-QRO, BEB-1021 ,922,03-Jun-2026,In Transit
SO-50717,PL-NTE,CD-SAL,BOT-1008,3214,2026-06-03,In Transit
SO-50306,PL-CEN,CD-VER,ABA-1004,1415,2026-06-03,EN TRANSITO
SO-50752,PL-SUR,CD-MER,BOT-1007,2076,01-Jun-2026,In Transit
SO-50927,PL-NTE,CD-HER,BOT-1000,2438,2026-05-31,In Transit
SO-50256,PL-CEN,CD-CDMX,PRO-1012,841,03-Jun-2026,In Transit
SO-50023,PL-NTE,CD-SAL,ABA-1001,1304,2026-06-02,in transit
SO-50726,PL-SUR,CD-GDL,BEB-1012,1130,2026-06-03,In Transit
SO-50008,PL-SUR,CD-MOR,BOT-1017,1667,2026-06-02,In Transit
SO-50817,PL-CEN,CD-TOL,XXX-8945,906,02-Jun-2026,in transit
SO-50395,PL-CEN,CD-QRO,ABA-1007,391,2026-06-02,In Transit
SO-50710,PL-SUR,CD-MER,LAC-1013,1899,2026-06-01,In Transit
SO-50363,PL-SUR,CD-MER,LAC-1016,1528,03-Jun-2026,In Transit
SO-50969,PL-CEN,CD-QRO,LAC-1010,309,03-Jun-2026,Entregado
SO-51092,PL-CEN,CD-TOL,PRO-1015,340,2026-05-26,In Transit
SO-50867,PL-CEN,CD-QRO,PRO-1000,1579,03-Jun-2026,In Transit
SO-50207,PL-SUR,CD-GDL,LAC-1002,902,03-Jun-2026,In Transit
SO-50255,PL-CEN,CD-TOL,ABA-1012,873,2026-06-02,In Transit
SO-50210,PL-CEN,CD-VER,ABA-1008,442,01-Jun-2026,In Transit
SO-51043,PL-CEN,CD-QRO, BEB-1008 ,33,2026-06-02,In Transit
SO-50664,PL-NTE,CD-HER,ABA-1015,303,2026-06-02,EN TRANSITO
SO-50612,PL-NTE,CD-SAL,LAC-1009,888,2026-06-02,In Transit
SO-50980,PL-NTE,CD-SAL,ABA-1007,918,2026-06-03,Entregado
SO-50272,PL-NTE,CD-HER,BOT-1012,3079,2026-05-31,Entregado
SO-50175,PL-CEN,CD-CDMX,ABA-1018,1042,03-Jun-2026,In Transit
SO-50167,PL-SUR,CD-MER,LAC-1012,574,2026-06-01,In Transit
SO-50901,PL-CEN,CD-VER,LAC-1005,714,2026-06-01,In Transit
SO-50840,PL-SUR,CD-GDL,ABA-1007,1183,2026-06-03,En Transito
SO-50487,PL-SUR,CD-MER,ABA-1008,1215,01-Jun-2026,In Transit
SO-50081,PL-SUR,CD-CAN,XXX-8318,1319,2026-06-03,In Transit
SO-50543,PL-SUR,CD-MOR,BEB-1020,597,02-Jun-2026,In Transit
SO-51077,PL-SUR,CD-MOR,LAC-1015,69,03-Jun-2026,In Transit
SO-50264,PL-SUR,CD-LEO,BOT-1009,730,03-Jun-2026,In Transit
SO-50836,PL-SUR,CD-LEO,LAC-1008,750,2026-06-02,In Transit
SO-50526,PL-SUR,CD-LEO,LAC-1005,875,2026-06-02,IN_TRANSIT
SO-50923,PL-SUR,CD-MOR,ABA-1018,473,2026-06-03,In Transit
SO-50289,PL-CEN,CD-QRO,BEB-1000,1247,2026-06-02,In Transit
SO-50380,PL-CEN,CD-QRO,ABA-1008,701,2026-06-03,In Transit
SO-50702,PL-SUR,CD-MER,ABA-1017,1289,2026-06-02,In Transit
SO-50408,PL-CEN,CD-PUE,PRO-1011,2678,2026-06-03,In Transit
SO-50015,PL-NTE,CD-MTY, ABA-1011 ,348,2026-06-03,In Transit
SO-50310,PL-NTE,CD-SAL,ABA-1018,2033,03-Jun-2026,In Transit
SO-50337,PL-SUR,CD-LEO,LAC-1001,750,2026-06-02,In Transit
SO-50982,PL-NTE,CD-TIJ,BOT-1010,3487,2026-06-02,In Transit
SO-50768,PL-NTE,CD-SAL,PRO-1011,283,2026-06-02,In Transit
SO-50970,PL-CEN,CD-TOL,ABA-1002,907,02-Jun-2026,In Transit
SO-50983,PL-SUR,CD-MOR, PRO-1000 ,291,2026-06-03,In Transit
SO-50711,PL-SUR,CD-CAN,PRO-1005,1552,2026-06-03,In Transit
SO-50511,PL-CEN,CD-PUE,ABA-1017,380,03-Jun-2026,Entregado
SO-50528,PL-SUR,CD-MER,BEB-1000,707,2026-06-02,In Transit
SO-50387,PL-SUR,CD-LEO,BOT-1011,2731,2026-06-02,EN TRANSITO
SO-50762,PL-CEN,CD-CDMX,BOT-1008,2625,03-Jun-2026,In Transit
SO-51051,PL-CEN,CD-VER, BOT-1023 ,85,2026-06-02,In Transit
SO-51100,PL-SUR,CD-MOR,LAC-1001,390,28-May-2026,In Transit
SO-50707,PL-CEN,CD-CDMX,ABA-1014,1656,03-Jun-2026,IN_TRANSIT
SO-50182,PL-NTE,CD-SAL,ABA-1012,1194,02-Jun-2026,Entregado
SO-50735,PL-CEN,CD-CDMX, ABA-1005 ,573,2026-06-03,in transit
SO-50297,PL-CEN,CD-QRO,BOT-1006,1871,03-Jun-2026,In Transit
SO-51097,PL-SUR,CD-MOR,LAC-1003,409,27-May-2026,In Transit
SO-50444,PL-SUR,CD-GDL,PRO-1003,699,03-Jun-2026,Entregado
SO-51082,PL-NTE,CD-MTY,BOT-1015,31,02-Jun-2026,Entregado
SO-50622,PL-CEN,CD-CDMX,LAC-1009,1177,2026-06-03,Entregado
SO-50805,PL-SUR,CD-MOR,BEB-1012,840,2026-06-02,In Transit
SO-51099,PL-SUR,CD-MOR,PRO-1004,398,26-May-2026,Entregado
SO-50547,PL-NTE,CD-HER,BEB-1014,521,2026-06-03,in transit
SO-50561,PL-NTE,CD-TIJ,PRO-1014,391,02-Jun-2026,In Transit
SO-50236,PL-CEN,CD-PUE,ABA-1016,1365,2026-06-03,Entregado
SO-50579,PL-CEN,CD-PUE,BEB-1005,2675,2026-06-03,In Transit
SO-50529,PL-SUR,CD-GDL,ABA-1005,1115,2026-06-03,EN TRANSITO
SO-51081,PL-SUR,CD-LEO,LAC-1012,59,02-Jun-2026,In Transit
SO-50877,PL-CEN,CD-TOL, PRO-1001 ,838,02-Jun-2026,Entregado
SO-50062,PL-SUR,CD-MOR,PRO-1009,1674,02-Jun-2026,In Transit
SO-50216,PL-CEN,CD-VER,ABA-1019,1225,2026-06-01,In Transit
SO-50554,PL-CEN,CD-QRO,BOT-1009,2810,02-Jun-2026,In Transit
SO-50440,PL-NTE,CD-TIJ,LAC-1015,453,2026-06-01,In Transit
SO-50155,PL-NTE,CD-MTY,XXX-8702,3193,03-Jun-2026,In Transit
SO-50553,PL-CEN,CD-PUE,LAC-1015,434,2026-06-03,In Transit
SO-50356,PL-SUR,CD-LEO,BEB-1005,665,02-Jun-2026,In Transit
SO-50333,PL-CEN,CD-QRO,PRO-1001,858,03-Jun-2026,In Transit
SO-50035,PL-CEN,CD-PUE,LAC-1006,1237,2026-06-03,in transit
SO-50274,PL-SUR,CD-CAN,ABA-1005,767,31-May-2026,Entregado
SO-50164,PL-SUR,CD-MER,BEB-1004,558,2026-06-03,EN TRANSITO
SO-50195,PL-CEN,CD-CDMX,LAC-1009,611,03-Jun-2026,In Transit
SO-50937,PL-SUR,CD-GDL,ABA-1017,1234,2026-06-03,En Transito
SO-50880,PL-CEN,CD-VER,BEB-1007,993,02-Jun-2026,In Transit
SO-50896,PL-NTE,CD-MTY,LAC-1009,810,03-Jun-2026,In Transit
SO-50945,PL-CEN,CD-VER,BEB-1007,876,2026-06-01,In Transit
SO-50158,PL-SUR,CD-LEO,PRO-1001,947,2026-06-02,In Transit
SO-51013,PL-SUR,CD-CAN, LAC-1016 ,143,2026-05-17,in transit
SO-50822,PL-SUR,CD-MER,PRO-1001,838,2026-06-02,In Transit
SO-50781,PL-CEN,CD-PUE,PRO-1003,2307,2026-06-03,In Transit
SO-50931,PL-NTE,CD-CHI,PRO-1014,2074,01-Jun-2026,In Transit
SO-50509,PL-CEN,CD-QRO,BOT-1013,652,2026-06-02,EN TRANSITO
SO-50465,PL-CEN,CD-TOL,BEB-1009,1325,02-Jun-2026,In Transit
SO-50849,PL-NTE,CD-CHI,BEB-1018,787,2026-06-01,In Transit
SO-50893,PL-SUR,CD-LEO,BOT-1023,341,2026-06-02,Entregado
SO-50061,PL-NTE,CD-TIJ,LAC-1008,922,2026-06-03,In Transit
SO-50298,PL-NTE,CD-TIJ,LAC-1009,500,2026-06-03,In Transit
SO-50421,PL-SUR,CD-MOR, ABA-1011 ,1771,03-Jun-2026,Entregado
SO-50889,PL-NTE,CD-CHI,LAC-1002,1073,02-Jun-2026,In Transit
SO-50825,PL-NTE,CD-MTY,BOT-1014,953,2026-06-03,In Transit
SO-50881,PL-NTE,CD-MTY,BOT-1004,2805,2026-06-03,in transit
SO-51046,PL-NTE,CD-MTY,ABA-1016,25,03-Jun-2026,In Transit
SO-50739,PL-NTE,CD-HER,BEB-1015,381,2026-06-02,In Transit
SO-50022,PL-SUR,CD-MER,BOT-1020,1195,2026-05-31,In Transit
SO-50819,PL-CEN,CD-TOL,BOT-1020,839,2026-06-03,In Transit
SO-50556,PL-NTE,CD-CHI,LAC-1003,1952,01-Jun-2026,In Transit
SO-50370,PL-SUR,CD-GDL, BOT-1012 ,2675,2026-06-03,EN TRANSITO
SO-50358,PL-CEN,CD-PUE,PRO-1000,1349,2026-06-03,In Transit
SO-50285,PL-CEN,CD-PUE,PRO-1014,857,03-Jun-2026,EN TRANSITO
SO-50277,PL-CEN,CD-PUE,PRO-1004,461,2026-06-03,EN TRANSITO
SO-50948,PL-CEN,CD-QRO,LAC-1011,1018,03-Jun-2026,En Transito
SO-50145,PL-NTE,CD-HER,PRO-1003,1408,2026-05-31,In Transit
SO-50831,PL-NTE,CD-HER,BEB-1013,1525,03-Jun-2026,IN_TRANSIT
SO-50266,PL-NTE,CD-TIJ,PRO-1014,445,2026-06-02,In Transit
SO-50140,PL-NTE,CD-CHI,LAC-1009,200,2026-06-01,Entregado
SO-50074,PL-NTE,CD-CHI,BEB-1007,1409,2026-06-01,In Transit
SO-50955,PL-CEN,CD-QRO,ABA-1010,722,2026-06-02,In Transit
SO-50103,PL-SUR,CD-CAN,BEB-1008,795,02-Jun-2026,In Transit
SO-50361,PL-CEN,CD-CDMX,BEB-1001,2174,2026-06-03,In Transit
SO-50379,PL-NTE,CD-HER,XXX-8720,300,02-Jun-2026,Entregado
SO-50950,PL-CEN,CD-CDMX,BOT-1014,2473,03-Jun-2026,In Transit
SO-50418,PL-NTE,CD-CHI,BOT-1002,2512,03-Jun-2026,En Transito
SO-50121,PL-SUR,CD-GDL,ABA-1017,1497,03-Jun-2026,Entregado
SO-50659,PL-SUR,CD-MOR,LAC-1017,890,2026-06-02,in transit
SO-50390,PL-SUR,CD-MOR,BOT-1013,3421,03-Jun-2026,In Transit
SO-50771,PL-CEN,CD-CDMX,ABA-1001,664,2026-06-03,IN_TRANSIT
SO-50351,PL-NTE,CD-HER,BEB-1013,1194,2026-06-01,In Transit
SO-50576,PL-SUR,CD-MOR,BOT-1008,539,02-Jun-2026,In Transit
SO-50036,PL-CEN,CD-QRO,PRO-1009,1993,2026-06-03,In Transit
SO-50209,PL-SUR,CD-CAN,BOT-1000,2787,02-Jun-2026,In Transit
SO-51045,PL-CEN,CD-VER,ABA-1004,28,2026-06-02,In Transit
SO-50089,PL-NTE,CD-HER,PRO-1001,1511,2026-06-01,in transit
SO-50066,PL-NTE,CD-HER,BOT-1015,2554,02-Jun-2026,In Transit
SO-50173,PL-NTE,CD-TIJ, BEB-1008 ,1199,2026-06-03,En Transito
SO-50615,PL-SUR,CD-MER,BEB-1012,909,02-Jun-2026,Entregado
SO-50040,PL-CEN,CD-PUE,PRO-1009,1083,2026-06-03,IN_TRANSIT
SO-50941,PL-CEN,CD-QRO,BEB-1008,1224,2026-06-02,In Transit
SO-50810,PL-SUR,CD-CAN,LAC-1014,870,03-Jun-2026,In Transit
SO-50320,PL-SUR,CD-MER,LAC-1007,258,01-Jun-2026,In Transit
SO-50903,PL-CEN,CD-PUE, BOT-1015 ,1235,03-Jun-2026,In Transit
SO-50038,PL-SUR,CD-GDL,ABA-1018,1388,2026-06-03,In Transit
SO-50372,PL-SUR,CD-LEO,LAC-1015,847,2026-06-03,In Transit
SO-50879,PL-NTE,CD-HER,LAC-1004,316,2026-06-03,EN TRANSITO
SO-50354,PL-CEN,CD-VER,BEB-1015,1919,2026-06-02,En Transito
SO-51090,PL-NTE,CD-MTY,PRO-1012,41,01-Jun-2026,In Transit
SO-50179,PL-NTE,CD-SAL,BOT-1011,1156,2026-06-03,In Transit
SO-50842,PL-SUR,CD-CAN,PRO-1000,283,03-Jun-2026,In Transit
SO-50520,PL-NTE,CD-TIJ,PRO-1000,1105,2026-05-31,in transit
SO-50488,PL-SUR,CD-CAN,BOT-1014,1151,2026-05-30,IN_TRANSIT
SO-50329,PL-NTE,CD-HER,BOT-1003,1662,2026-06-03,In Transit
SO-50466,PL-NTE,CD-CHI,BEB-1000,992,01-Jun-2026,In Transit
SO-50489,PL-CEN,CD-QRO, BEB-1015 ,960,2026-06-03,In Transit
SO-50031,PL-SUR,CD-LEO,LAC-1006,1295,03-Jun-2026,In Transit
SO-50151,PL-NTE,CD-CHI,BOT-1008,1890,01-Jun-2026,In Transit
SO-51055,PL-NTE,CD-SAL,ABA-1003,33,02-Jun-2026,In Transit
SO-50841,PL-NTE,CD-MTY,ABA-1013,1811,2026-06-03,In Transit
SO-50455,PL-NTE,CD-TIJ,ABA-1011,704,01-Jun-2026,In Transit
SO-50435,PL-SUR,CD-MER,BEB-1001,830,2026-06-01,In Transit
SO-50515,PL-CEN,CD-CDMX,BOT-1019,2644,03-Jun-2026,IN_TRANSIT
SO-50909,PL-NTE,CD-SAL, LAC-1009 ,189,2026-06-02,In Transit
SO-50930,PL-SUR,CD-GDL,BEB-1009,291,2026-06-03,In Transit
SO-50555,PL-CEN,CD-QRO,ABA-1006,478,03-Jun-2026,EN TRANSITO
SO-50686,PL-SUR,CD-LEO,BOT-1015,1659,2026-06-03,In Transit
SO-50194,PL-SUR,CD-GDL,BOT-1003,1598,2026-06-03,In Transit
SO-50782,PL-NTE,CD-SAL,LAC-1016,763,2026-06-02,In Transit
SO-50911,PL-NTE,CD-HER,LAC-1009,1182,2026-05-31,In Transit
SO-50301,PL-SUR,CD-GDL,PRO-1002,1389,03-Jun-2026,IN_TRANSIT
SO-50741,PL-NTE,CD-SAL,PRO-1000,1111,2026-06-03,EN TRANSITO
SO-51038,PL-SUR,CD-LEO,LAC-1009,306,23-May-2026,In Transit
SO-50993,PL-NTE,CD-SAL,BOT-1017,1223,2026-06-03,Entregado
SO-50204,PL-SUR,CD-MOR,BOT-1015,1402,03-Jun-2026,Entregado
SO-50219,PL-SUR,CD-GDL,BOT-1005,2626,2026-06-03,En Transito
SO-50508,PL-CEN,CD-TOL,ABA-1019,1521,2026-06-02,In Transit
SO-51039,PL-NTE,CD-HER,LAC-1009,263,2026-05-24,In Transit
SO-50353,PL-NTE,CD-TIJ,PRO-1003,1908,02-Jun-2026,In Transit
SO-50787,PL-NTE,CD-CHI,BOT-1013,1113,2026-06-02,In Transit
SO-50198,PL-CEN,CD-VER,BOT-1018,2089,2026-06-03,In Transit
SO-50200,PL-SUR,CD-MOR,BOT-1016,2035,2026-06-02,In Transit
SO-50729,PL-NTE,CD-TIJ,BEB-1004,1326,01-Jun-2026,In Transit
SO-50538,PL-NTE,CD-CHI,BOT-1014,1446,2026-06-03,Entregado
SO-50812,PL-SUR,CD-MER,BEB-1010,2551,02-Jun-2026,In Transit
SO-50924,PL-SUR,CD-MER,BEB-1018,535,2026-06-01,In Transit
SO-50319,PL-NTE,CD-TIJ,XXX-8314,1959,2026-05-30,IN_TRANSIT
SO-50976,PL-SUR,CD-GDL,ABA-1012,839,03-Jun-2026,In Transit
SO-50504,PL-SUR,CD-MER,BOT-1012,856,02-Jun-2026,In Transit
SO-50997,PL-SUR,CD-GDL,PRO-1005,1673,03-Jun-2026,In Transit
SO-50683,PL-SUR,CD-CAN,BOT-1012,1890,30-May-2026,In Transit
SO-50336,PL-SUR,CD-MOR,BOT-1010,741,2026-06-03,In Transit
SO-50742,PL-NTE,CD-HER,ABA-1018,469,2026-05-31,In Transit
SO-50690,PL-NTE,CD-CHI,PRO-1012,2399,2026-06-02,In Transit
SO-50640,PL-NTE,CD-CHI,BEB-1009,1825,2026-06-02,EN TRANSITO
SO-50914,PL-CEN,CD-PUE,BOT-1017,1287,2026-06-03,Entregado
SO-50212,PL-CEN,CD-TOL,BEB-1000,585,2026-06-02,in transit
SO-51087,PL-CEN,CD-TOL,LAC-1004,58,2026-06-02,in transit
SO-50189,PL-NTE,CD-MTY, PRO-1006 ,1135,2026-06-03,Entregado
SO-51001,PL-CEN,CD-TOL,LAC-1013,114,25-May-2026,in transit
SO-50780,PL-CEN,CD-QRO, LAC-1005 ,518,03-Jun-2026,In Transit
SO-51060,PL-CEN,CD-PUE,LAC-1014,40,2026-06-02,In Transit
SO-50701,PL-CEN,CD-VER,LAC-1002,1955,03-Jun-2026,In Transit
SO-50600,PL-SUR,CD-MER,BOT-1020,996,03-Jun-2026,In Transit
SO-50229,PL-NTE,CD-TIJ,BOT-1006,3631,02-Jun-2026,En Transito
SO-50284,PL-SUR,CD-MER,LAC-1007,974,2026-06-02,In Transit
SO-50187,PL-CEN,CD-PUE,ABA-1009,1028,2026-06-03,In Transit
SO-50999,PL-SUR,CD-GDL,ABA-1003,471,03-Jun-2026,IN_TRANSIT
SO-50112,PL-NTE,CD-TIJ, PRO-1000 ,1327,2026-06-02,In Transit
SO-50438,PL-CEN,CD-QRO,BOT-1021,833,03-Jun-2026,In Transit
SO-50400,PL-SUR,CD-LEO,BEB-1002,1257,03-Jun-2026,EN TRANSITO
SO-50141,PL-NTE,CD-CHI,BEB-1005,926,02-Jun-2026,In Transit
SO-51093,PL-NTE,CD-MTY,ABA-1019,459,2026-05-28,IN_TRANSIT
SO-50048,PL-CEN,CD-QRO,ABA-1006,992,2026-06-03,In Transit
SO-50427,PL-NTE,CD-TIJ,BEB-1001,654,02-Jun-2026,In Transit
SO-51094,PL-CEN,CD-TOL,BOT-1012,268,2026-05-27,In Transit
SO-50563,PL-CEN,CD-CDMX, ABA-1000 ,948,03-Jun-2026,Entregado
SO-50450,PL-CEN,CD-PUE,ABA-1013,1579,03-Jun-2026,In Transit
SO-50420,PL-CEN,CD-QRO,BOT-1013,1230,2026-06-02,En Transito
SO-50069,PL-CEN,CD-TOL,BEB-1007,1154,2026-06-03,En Transito
SO-50653,PL-SUR,CD-MER,PRO-1000,580,01-Jun-2026,In Transit
SO-50942,PL-CEN,CD-QRO, LAC-1010 ,1236,02-Jun-2026,EN TRANSITO
SO-50246,PL-SUR,CD-LEO,LAC-1008,634,2026-06-02,In Transit
SO-50003,PL-CEN,CD-TOL,ABA-1013,1421,2026-06-03,In Transit
SO-50695,PL-SUR,CD-LEO,LAC-1004,1154,2026-06-03,In Transit
SO-50922,PL-CEN,CD-CDMX,BOT-1022,1022,03-Jun-2026,In Transit
SO-50687,PL-SUR,CD-MOR,BOT-1021,1271,02-Jun-2026,In Transit
SO-50973,PL-SUR,CD-CAN,BOT-1014,769,31-May-2026,EN TRANSITO
SO-50885,PL-NTE,CD-TIJ,BOT-1019,1065,2026-06-03,In Transit
SO-51002,PL-NTE,CD-CHI,LAC-1006,194,21-May-2026,Entregado
SO-50669,PL-SUR,CD-GDL,BEB-1012,1006,2026-06-03,Entregado
SO-50898,PL-SUR,CD-CAN,BEB-1009,1045,2026-05-30,in transit
SO-50545,PL-NTE,CD-MTY,ABA-1006,579,2026-06-03,EN TRANSITO
SO-50013,PL-NTE,CD-HER,BOT-1006,1367,2026-05-31,In Transit
SO-50345,PL-CEN,CD-VER,PRO-1002,3084,01-Jun-2026,In Transit
SO-50245,PL-SUR,CD-CAN, BEB-1013 ,974,2026-06-03,in transit
SO-50721,PL-SUR,CD-GDL,PRO-1011,1063,03-Jun-2026,In Transit
SO-50371,PL-CEN,CD-VER,ABA-1004,881,2026-06-03,En Transito
SO-50807,PL-CEN,CD-CDMX,PRO-1001,1857,03-Jun-2026,In Transit
SO-50481,PL-SUR,CD-GDL,BEB-1019,2042,2026-06-03,In Transit
SO-50501,PL-SUR,CD-MER,ABA-1009,2350,2026-05-31,In Transit
SO-50650,PL-CEN,CD-CDMX,ABA-1009,1870,03-Jun-2026,Entregado
SO-51076,PL-SUR,CD-GDL,LAC-1013,89,02-Jun-2026,En Transito
SO-51037,PL-CEN,CD-PUE,LAC-1003,176,2026-05-21,in transit
SO-50552,PL-SUR,CD-MOR,BOT-1012,1286,2026-06-03,In Transit
SO-50234,PL-SUR,CD-MER,PRO-1014,1153,2026-06-03,IN_TRANSIT
SO-50646,PL-NTE,CD-HER,LAC-1003,684,2026-06-03,In Transit
SO-50530,PL-CEN,CD-QRO,LAC-1006,1079,02-Jun-2026,En Transito
SO-50355,PL-SUR,CD-LEO,ABA-1008,1136,02-Jun-2026,In Transit
SO-50138,PL-SUR,CD-MER,LAC-1001,265,2026-06-02,In Transit
SO-50713,PL-CEN,CD-PUE,BEB-1014,1190,2026-06-03,in transit
SO-50775,PL-NTE,CD-MTY,PRO-1009,955,03-Jun-2026,In Transit
SO-50025,PL-SUR,CD-GDL,LAC-1016,1099,03-Jun-2026,in transit
SO-50516,PL-SUR,CD-GDL,BEB-1013,2225,2026-06-03,In Transit
SO-50753,PL-CEN,CD-CDMX,PRO-1015,2079,2026-06-03,In Transit
SO-50925,PL-NTE,CD-HER,BEB-1013,2483,01-Jun-2026,In Transit
SO-50096,PL-SUR,CD-CAN,BEB-1009,891,2026-06-03,In Transit
SO-50802,PL-CEN,CD-PUE,BOT-1021,388,03-Jun-2026,In Transit
SO-51084,PL-SUR,CD-LEO,BOT-1003,73,2026-06-02,in transit
SO-50411,PL-CEN,CD-QRO,BOT-1012,873,2026-06-02,EN TRANSITO
SO-50340,PL-SUR,CD-MOR, BEB-1014 ,619,02-Jun-2026,In Transit
SO-50441,PL-NTE,CD-SAL,BEB-1008,395,02-Jun-2026,En Transito
SO-50756,PL-SUR,CD-MER,BEB-1018,1043,2026-06-03,In Transit
SO-50494,PL-CEN,CD-QRO,LAC-1010,704,02-Jun-2026,In Transit
SO-50077,PL-NTE,CD-SAL,ABA-1012,676,2026-06-03,Entregado
SO-50386,PL-NTE,CD-HER,BOT-1023,1426,2026-06-01,In Transit
SO-50592,PL-NTE,CD-MTY,PRO-1008,1403,2026-06-03,In Transit
SO-51053,PL-CEN,CD-PUE,BOT-1001,27,01-Jun-2026,In Transit
SO-50005,PL-SUR,CD-CAN,ABA-1005,1375,2026-06-01,In Transit
SO-50878,PL-NTE,CD-TIJ,BEB-1005,1187,2026-06-03,In Transit
SO-50093,PL-SUR,CD-GDL,ABA-1018,1492,03-Jun-2026,EN TRANSITO
SO-50843,PL-SUR,CD-MER,PRO-1004,1259,31-May-2026,In Transit
SO-50691,PL-NTE,CD-HER,PRO-1002,579,2026-06-03,In Transit
SO-50906,PL-NTE,CD-CHI,ABA-1015,1177,2026-06-02,Entregado
SO-51074,PL-SUR,CD-MER,ABA-1018,34,01-Jun-2026,EN TRANSITO
SO-50666,PL-SUR,CD-LEO, PRO-1008 ,1801,2026-06-03,In Transit
SO-50117,PL-NTE,CD-CHI,BOT-1012,2558,2026-06-01,In Transit
SO-50405,PL-CEN,CD-VER,LAC-1001,1812,2026-06-01,In Transit
SO-50757,PL-NTE,CD-CHI,ABA-1005,1692,2026-06-01,In Transit
SO-50313,PL-NTE,CD-CHI,BEB-1006,1547,01-Jun-2026,In Transit
SO-51048,PL-NTE,CD-HER,PRO-1007,84,02-Jun-2026,En Transito
SO-50497,PL-SUR,CD-MOR,BOT-1019,723,03-Jun-2026,In Transit
SO-50668,PL-SUR,CD-GDL,BEB-1017,2476,03-Jun-2026,In Transit
SO-50677,PL-CEN,CD-CDMX,PRO-1011,425,2026-06-03,En Transito
SO-50913,PL-CEN,CD-TOL,BEB-1010,986,02-Jun-2026,In Transit
SO-50565,PL-NTE,CD-TIJ,PRO-1008,478,31-May-2026,In Transit
SO-50661,PL-SUR,CD-LEO,BOT-1007,1330,2026-06-03,In Transit
SO-50099,PL-NTE,CD-SAL, BEB-1009 ,765,02-Jun-2026,In Transit
SO-50573,PL-CEN,CD-PUE,LAC-1012,1539,03-Jun-2026,IN_TRANSIT
SO-50798,PL-CEN,CD-TOL,PRO-1008,1116,2026-06-02,In Transit
SO-50519,PL-SUR,CD-MOR,LAC-1017,934,2026-06-03,EN TRANSITO
SO-50260,PL-CEN,CD-PUE,ABA-1006,391,2026-06-03,In Transit
SO-50865,PL-NTE,CD-MTY,PRO-1002,866,2026-06-03,In Transit
SO-50783,PL-SUR,CD-MOR,LAC-1010,1675,2026-06-02,In Transit
SO-50618,PL-SUR,CD-CAN,BEB-1003,546,03-Jun-2026,IN_TRANSIT
SO-50848,PL-CEN,CD-CDMX,BEB-1000,2853,03-Jun-2026,In Transit
SO-50169,PL-SUR,CD-MER,BOT-1007,1169,2026-06-02,In Transit
SO-50265,PL-SUR,CD-MER,ABA-1017,1748,2026-05-31,Entregado
SO-50376,PL-CEN,CD-CDMX,BOT-1009,1309,2026-06-03,En Transito
SO-50594,PL-SUR,CD-MER,ABA-1019,427,2026-06-01,Entregado
SO-50215,PL-SUR,CD-LEO,ABA-1010,1312,02-Jun-2026,In Transit
SO-50946,PL-CEN,CD-CDMX,ABA-1000,1744,2026-06-03,EN TRANSITO
SO-50295,PL-SUR,CD-LEO,ABA-1013,1096,03-Jun-2026,In Transit
SO-50769,PL-NTE,CD-SAL, LAC-1014 ,1108,02-Jun-2026,In Transit
SO-50269,PL-NTE,CD-HER,BOT-1013,1365,2026-06-03,In Transit
SO-50263,PL-CEN,CD-QRO,BOT-1011,2673,2026-06-02,In Transit
SO-50749,PL-SUR,CD-MER,PRO-1013,1134,2026-06-01,Entregado
SO-50643,PL-SUR,CD-GDL, LAC-1008 ,310,2026-06-03,In Transit
SO-50348,PL-NTE,CD-HER, BEB-1009 ,1605,2026-06-03,In Transit
SO-50330,PL-SUR,CD-MER,BEB-1002,377,2026-06-01,Entregado
SO-51017,PL-SUR,CD-CAN,LAC-1011,140,2026-05-22,In Transit
SO-50203,PL-CEN,CD-CDMX,LAC-1005,827,2026-06-03,Entregado
SO-51027,PL-SUR,CD-LEO,LAC-1004,235,2026-05-22,IN_TRANSIT
SO-50658,PL-NTE,CD-MTY,ABA-1013,1392,2026-06-03,IN_TRANSIT
SO-50917,PL-SUR,CD-LEO,BEB-1021,1499,2026-06-02,In Transit
SO-50283,PL-NTE,CD-MTY,BOT-1004,1677,03-Jun-2026,In Transit
SO-50252,PL-CEN,CD-QRO,BEB-1017,325,2026-06-02,In Transit
SO-50153,PL-SUR,CD-LEO,BOT-1000,2475,2026-06-03,In Transit
SO-50644,PL-SUR,CD-MOR, BOT-1010 ,516,2026-06-02,Entregado
SO-50107,PL-SUR,CD-MER, ABA-1005 ,1085,2026-05-31,In Transit
SO-50190,PL-CEN,CD-PUE,XXX-8788,723,2026-06-03,In Transit
SO-50213,PL-NTE,CD-TIJ,BOT-1014,1647,02-Jun-2026,In Transit
SO-50995,PL-SUR,CD-GDL,BOT-1020,1687,03-Jun-2026,En Transito
SO-50241,PL-NTE,CD-CHI,ABA-1019,1234,03-Jun-2026,In Transit
SO-50932,PL-SUR,CD-GDL,LAC-1017,862,2026-06-03,in transit
SO-50059,PL-NTE,CD-MTY,LAC-1003,310,2026-06-03,In Transit
SO-50797,PL-SUR,CD-GDL,PRO-1014,2851,2026-06-03,In Transit
SO-50014,PL-NTE,CD-SAL, BOT-1021 ,1746,03-Jun-2026,In Transit
SO-50811,PL-NTE,CD-SAL,BEB-1011,1031,2026-06-02,In Transit
SO-50428,PL-SUR,CD-MOR,ABA-1004,771,2026-06-03,In Transit
SO-50275,PL-NTE,CD-SAL, BEB-1017 ,515,2026-06-03,EN TRANSITO
SO-50974,PL-CEN,CD-PUE,LAC-1006,1763,03-Jun-2026,Entregado
SO-50143,PL-SUR,CD-CAN, BEB-1005 ,-100,2026-06-01,in transit
SO-50826,PL-CEN,CD-VER,BOT-1017,1123,03-Jun-2026,In Transit
SO-50046,PL-NTE,CD-TIJ,LAC-1013,1263,2026-05-30,EN TRANSITO
SO-50832,PL-CEN,CD-CDMX,ABA-1007,669,2026-06-03,In Transit
SO-50584,PL-SUR,CD-LEO, ABA-1019 ,1947,03-Jun-2026,In Transit
SO-50150,PL-CEN,CD-VER,PRO-1011,2256,03-Jun-2026,In Transit
SO-50439,PL-NTE,CD-CHI,BEB-1006,1934,03-Jun-2026,In Transit
SO-50918,PL-NTE,CD-SAL,ABA-1001,1175,02-Jun-2026,In Transit
SO-50795,PL-NTE,CD-SAL,PRO-1005,296,2026-06-02,in transit
SO-50299,PL-CEN,CD-QRO,BEB-1003,1959,2026-06-02,in transit
SO-50557,PL-NTE,CD-HER,ABA-1012,626,03-Jun-2026,In Transit
SO-50943,PL-SUR,CD-GDL,BOT-1016,2045,03-Jun-2026,In Transit
SO-50030,PL-NTE,CD-HER,LAC-1014,1486,03-Jun-2026,EN TRANSITO
SO-50986,PL-CEN,CD-CDMX,BEB-1010,1269,03-Jun-2026,In Transit
SO-50512,PL-SUR,CD-MER,LAC-1016,1514,2026-06-01,En Transito
SO-50748,PL-NTE,CD-HER,BEB-1008,1369,2026-06-02,In Transit
SO-50833,PL-CEN,CD-CDMX,BEB-1014,1288,2026-06-03,In Transit
SO-50845,PL-NTE,CD-CHI,BOT-1012,954,2026-06-02,In Transit
SO-50692,PL-SUR,CD-MOR,PRO-1002,1143,03-Jun-2026,In Transit
SO-50091,PL-NTE,CD-HER,BOT-1011,2631,2026-06-01,In Transit
SO-50067,PL-NTE,CD-HER,BEB-1007,2693,02-Jun-2026,In Transit
SO-50412,PL-NTE,CD-TIJ,BOT-1010,1724,01-Jun-2026,In Transit
SO-50326,PL-NTE,CD-SAL, PRO-1015 ,478,2026-06-02,En Transito
SO-50220,PL-CEN,CD-TOL,LAC-1014,998,2026-06-03,In Transit
SO-50217,PL-CEN,CD-CDMX,LAC-1013,1518,2026-06-03,in transit
SO-50024,PL-NTE,CD-HER,BOT-1013,2829,02-Jun-2026,In Transit
SO-50609,PL-SUR,CD-GDL,PRO-1003,1412,03-Jun-2026,In Transit
SO-50397,PL-SUR,CD-MOR,LAC-1014,997,03-Jun-2026,In Transit
SO-51064,PL-NTE,CD-MTY,BOT-1023,21,01-Jun-2026,EN TRANSITO
SO-51058,PL-CEN,CD-TOL,ABA-1000,54,01-Jun-2026,IN_TRANSIT
SO-50698,PL-CEN,CD-QRO,LAC-1001,1086,2026-06-03,En Transito
SO-51085,PL-SUR,CD-CAN,BEB-1005,85,03-Jun-2026,In Transit
SO-50823,PL-SUR,CD-LEO,LAC-1008,718,2026-06-03,In Transit
SO-50706,PL-CEN,CD-VER,ABA-1007,1464,2026-06-01,In Transit
SO-50665,PL-NTE,CD-TIJ,PRO-1002,692,01-Jun-2026,In Transit
SO-50933,PL-CEN,CD-QRO, PRO-1012 ,774,02-Jun-2026,In Transit
SO-50127,PL-NTE,CD-MTY,BEB-1000,1433,2026-06-03,In Transit
SO-50539,PL-CEN,CD-QRO,PRO-1005,335,02-Jun-2026,In Transit
SO-51057,PL-CEN,CD-TOL,ABA-1005,77,02-Jun-2026,Entregado
SO-50770,PL-CEN,CD-QRO, PRO-1015 ,1598,2026-06-02,En Transito
SO-50551,PL-NTE,CD-TIJ,ABA-1001,722,01-Jun-2026,In Transit
SO-50607,PL-NTE,CD-MTY,ABA-1015,1188,03-Jun-2026,In Transit
SO-50642,PL-CEN,CD-VER,XXX-8916,2624,01-Jun-2026,In Transit
SO-50426,PL-CEN,CD-CDMX, BOT-1000 ,868,2026-06-03,En Transito
SO-50375,PL-CEN,CD-VER, BOT-1012 ,2798,01-Jun-2026,EN TRANSITO
SO-50267,PL-SUR,CD-LEO,ABA-1002,2095,02-Jun-2026,In Transit
SO-50144,PL-SUR,CD-CAN,BOT-1023,1428,2026-06-03,EN TRANSITO
SO-51061,PL-NTE,CD-MTY,ABA-1017,35,2026-06-02,En Transito
SO-51031,PL-SUR,CD-LEO,LAC-1015,306,2026-05-18,In Transit
SO-50108,PL-SUR,CD-MOR,BOT-1016,1235,03-Jun-2026,In Transit
SO-50122,PL-SUR,CD-MER,BOT-1011,1397,31-May-2026,in transit
SO-50193,PL-SUR,CD-MOR,PRO-1010,780,02-Jun-2026,In Transit
SO-50084,PL-CEN,CD-VER,BEB-1010,1773,01-Jun-2026,In Transit
SO-50920,PL-CEN,CD-TOL,ABA-1001,1848,2026-06-03,In Transit
SO-50734,PL-NTE,CD-SAL,PRO-1003,2032,02-Jun-2026,In Transit
SO-50087,PL-CEN,CD-TOL,BOT-1018,1541,03-Jun-2026,In Transit
SO-50086,PL-CEN,CD-VER,ABA-1008,1345,01-Jun-2026,in transit
SO-50570,PL-CEN,CD-QRO, BOT-1022 ,483,2026-06-02,En Transito
SO-50522,PL-CEN,CD-TOL,BEB-1004,1499,2026-06-02,In Transit
SO-51047,PL-CEN,CD-TOL,ABA-1009,49,2026-06-03,In Transit
SO-51044,PL-NTE,CD-SAL,LAC-1017,55,02-Jun-2026,Entregado
SO-50244,PL-SUR,CD-MER,PRO-1014,524,2026-06-02,In Transit
SO-50740,PL-SUR,CD-MER,LAC-1012,514,2026-06-01,In Transit
SO-50113,PL-NTE,CD-SAL,BEB-1017,1478,2026-06-03,In Transit
SO-50449,PL-CEN,CD-TOL,PRO-1013,1749,03-Jun-2026,In Transit
SO-50347,PL-CEN,CD-PUE,PRO-1007,772,2026-06-03,In Transit
SO-50779,PL-NTE,CD-MTY,BEB-1007,1440,03-Jun-2026,In Transit
SO-50055,PL-CEN,CD-QRO,LAC-1015,423,2026-06-03,In Transit
SO-50897,PL-NTE,CD-MTY, LAC-1012 ,823,03-Jun-2026,En Transito
SO-50789,PL-CEN,CD-VER, ABA-1006 ,1389,03-Jun-2026,In Transit
SO-50223,PL-NTE,CD-SAL,BOT-1014,1840,2026-06-03,in transit
SO-50318,PL-SUR,CD-CAN,LAC-1002,296,2026-06-02,In Transit
SO-50546,PL-CEN,CD-PUE,BEB-1011,2040,2026-06-03,In Transit
SO-50682,PL-CEN,CD-TOL,ABA-1000,1907,2026-06-03,In Transit
SO-51083,PL-NTE,CD-HER,BEB-1005,44,02-Jun-2026,In Transit
SO-50958,PL-CEN,CD-QRO,ABA-1009,1292,03-Jun-2026,In Transit
SO-51079,PL-SUR,CD-LEO,BEB-1017,42,01-Jun-2026,In Transit
SO-50792,PL-CEN,CD-TOL,BOT-1015,2430,2026-06-02,In Transit
SO-50307,PL-NTE,CD-MTY,LAC-1004,733,03-Jun-2026,In Transit
SO-50803,PL-SUR,CD-MER,LAC-1012,504,2026-05-31,Entregado
SO-50080,PL-CEN,CD-PUE,BEB-1015,880,2026-06-03,In Transit
SO-50611,PL-NTE,CD-HER,PRO-1011,1418,31-May-2026,In Transit
SO-50115,PL-SUR,CD-CAN,BEB-1013,1001,31-May-2026,IN_TRANSIT
SO-50991,PL-CEN,CD-PUE,BEB-1016,-100,2026-06-03,In Transit
SO-50992,PL-CEN,CD-VER,PRO-1006,1265,2026-06-01,In Transit
SO-51070,PL-SUR,CD-MOR,PRO-1012,36,03-Jun-2026,In Transit
SO-50815,PL-SUR,CD-MOR,LAC-1001,600,02-Jun-2026,In Transit
SO-50196,PL-NTE,CD-SAL,PRO-1001,1362,2026-06-03,IN_TRANSIT
SO-50261,PL-CEN,CD-QRO,BEB-1020,1196,2026-06-03,In Transit
SO-50314,PL-NTE,CD-TIJ,LAC-1002,960,01-Jun-2026,In Transit
SO-50105,PL-CEN,CD-CDMX,BOT-1014,1044,2026-06-03,EN TRANSITO
SO-50238,PL-SUR,CD-MOR, PRO-1005 ,401,02-Jun-2026,In Transit
SO-50033,PL-NTE,CD-SAL,PRO-1000,214,02-Jun-2026,In Transit
SO-50452,PL-NTE,CD-HER,PRO-1015,2311,2026-05-31,In Transit
SO-50595,PL-NTE,CD-CHI, BEB-1009 ,1758,03-Jun-2026,In Transit
SO-50049,PL-NTE,CD-SAL,BEB-1006,396,2026-06-02,In Transit
SO-50828,PL-CEN,CD-VER,ABA-1000,978,2026-06-02,In Transit
SO-50582,PL-SUR,CD-CAN, LAC-1002 ,462,31-May-2026,Entregado
SO-50979,PL-NTE,CD-SAL,BOT-1020,1849,03-Jun-2026,In Transit
SO-50202,PL-SUR,CD-GDL,LAC-1006,958,2026-06-03,In Transit
SO-50975,PL-SUR,CD-LEO,BOT-1021,3486,2026-06-03,In Transit
SO-50148,PL-SUR,CD-LEO,ABA-1007,524,2026-06-02,EN TRANSITO
SO-50525,PL-CEN,CD-CDMX,BEB-1014,262,2026-06-03,EN TRANSITO
SO-50593,PL-NTE,CD-CHI,LAC-1006,445,01-Jun-2026,in transit
SO-51065,PL-SUR,CD-LEO, BEB-1008 ,32,2026-06-02,In Transit
SO-50475,PL-NTE,CD-HER,BOT-1011,1772,02-Jun-2026,In Transit
SO-51024,PL-NTE,CD-MTY,LAC-1010,376,2026-05-19,in transit
SO-50417,PL-SUR,CD-LEO,PRO-1004,1335,03-Jun-2026,in transit
SO-50883,PL-SUR,CD-LEO,BEB-1017,1030,2026-06-03,IN_TRANSIT
SO-50745,PL-SUR,CD-LEO,BOT-1020,1111,2026-06-02,IN_TRANSIT
SO-51040,PL-NTE,CD-SAL,LAC-1001,235,2026-05-24,In Transit
SO-50374,PL-SUR,CD-MER,PRO-1009,928,02-Jun-2026,In Transit
SO-51016,PL-SUR,CD-MER,LAC-1014,279,2026-05-17,In Transit
SO-50016,PL-CEN,CD-TOL,BOT-1007,1343,2026-06-02,In Transit
SO-50304,PL-SUR,CD-MER,LAC-1013,458,03-Jun-2026,In Transit
SO-50777,PL-CEN,CD-TOL,BOT-1016,2683,03-Jun-2026,In Transit
SO-50549,PL-SUR,CD-GDL,BEB-1019,538,03-Jun-2026,IN_TRANSIT
SO-50293,PL-CEN,CD-TOL,PRO-1011,1348,03-Jun-2026,In Transit
SO-50674,PL-CEN,CD-CDMX,PRO-1009,1527,2026-06-03,IN_TRANSIT
SO-50954,PL-CEN,CD-TOL,LAC-1003,525,02-Jun-2026,In Transit
SO-50381,PL-CEN,CD-VER,PRO-1001,960,03-Jun-2026,In Transit
SO-50232,PL-NTE,CD-MTY,BOT-1009,1766,2026-06-03,In Transit
SO-51012,PL-NTE,CD-TIJ,LAC-1014,385,2026-05-17,In Transit
SO-50693,PL-CEN,CD-PUE,ABA-1007,1295,2026-06-03,in transit
SO-50325,PL-NTE,CD-HER,ABA-1019,1024,2026-06-03,In Transit
SO-50114,PL-NTE,CD-TIJ,BEB-1014,2158,03-Jun-2026,In Transit
SO-50527,PL-SUR,CD-MER,ABA-1001,2259,02-Jun-2026,In Transit
SO-50722,PL-SUR,CD-MOR,ABA-1005,1030,02-Jun-2026,In Transit
SO-50085,PL-CEN,CD-PUE,PRO-1000,585,03-Jun-2026,In Transit
SO-50132,PL-CEN,CD-TOL,PRO-1006,1162,2026-06-03,in transit
SO-50672,PL-NTE,CD-TIJ,LAC-1010,1027,30-May-2026,In Transit
SO-50490,PL-CEN,CD-QRO,PRO-1004,272,2026-06-02,In Transit
SO-50388,PL-CEN,CD-CDMX, BOT-1013 ,2594,2026-06-03,IN_TRANSIT
SO-50648,PL-NTE,CD-SAL,BOT-1008,807,03-Jun-2026,In Transit
SO-50482,PL-SUR,CD-CAN,BOT-1012,407,01-Jun-2026,In Transit
SO-50694,PL-CEN,CD-CDMX,BEB-1011,668,2026-06-03,Entregado
SO-50566,PL-NTE,CD-TIJ,ABA-1011,1548,02-Jun-2026,In Transit
SO-51042,PL-SUR,CD-GDL,ABA-1015,78,2026-06-02,In Transit
SO-50276,PL-NTE,CD-CHI,BOT-1007,1690,2026-06-02,In Transit
SO-50736,PL-SUR,CD-CAN,XXX-8514,1238,01-Jun-2026,En Transito
SO-50239,PL-CEN,CD-PUE,LAC-1017,965,2026-06-03,In Transit
SO-50663,PL-NTE,CD-HER,ABA-1017,534,01-Jun-2026,In Transit
SO-50111,PL-SUR,CD-GDL,ABA-1006,1430,2026-06-03,In Transit
SO-50870,PL-CEN,CD-PUE,BOT-1012,658,2026-06-03,In Transit
SO-50814,PL-NTE,CD-SAL,PRO-1011,608,2026-06-02,In Transit
SO-50365,PL-CEN,CD-CDMX,ABA-1017,851,03-Jun-2026,In Transit
SO-50026,PL-NTE,CD-HER,ABA-1005,956,31-May-2026,In Transit
SO-50051,PL-SUR,CD-MER,BEB-1001,955,03-Jun-2026,In Transit
SO-51021,PL-CEN,CD-CDMX, LAC-1007 ,211,17-May-2026,In Transit
SO-50425,PL-NTE,CD-TIJ, BOT-1007 ,1522,31-May-2026,In Transit
SO-50281,PL-CEN,CD-CDMX, ABA-1005 ,1096,03-Jun-2026,In Transit
SO-50684,PL-SUR,CD-MER,BEB-1021,1504,2026-06-03,In Transit
SO-50733,PL-SUR,CD-MER,LAC-1000,483,01-Jun-2026,In Transit
SO-50065,PL-CEN,CD-QRO,BEB-1019,905,2026-06-02,EN TRANSITO
SO-50641,PL-CEN,CD-QRO,BOT-1022,1333,02-Jun-2026,In Transit
SO-50183,PL-CEN,CD-PUE,BOT-1022,483,03-Jun-2026,In Transit
SO-50201,PL-CEN,CD-TOL,BOT-1017,2827,2026-06-03,In Transit
SO-50019,PL-SUR,CD-MOR,ABA-1016,1823,02-Jun-2026,In Transit
SO-50966,PL-CEN,CD-TOL,ABA-1018,867,02-Jun-2026,in transit
SO-50300,PL-CEN,CD-PUE, BOT-1021 ,2508,2026-06-03,Entregado
SO-50959,PL-SUR,CD-GDL,BOT-1002,2235,2026-06-03,In Transit
SO-50052,PL-NTE,CD-SAL,PRO-1012,528,2026-06-02,in transit
SO-50237,PL-CEN,CD-VER,BOT-1002,1252,03-Jun-2026,In Transit
SO-50028,PL-SUR,CD-CAN,ABA-1009,1606,2026-05-31,EN TRANSITO
SO-50799,PL-SUR,CD-MER,XXX-8163,1764,02-Jun-2026,In Transit
SO-50899,PL-SUR,CD-MER,BOT-1018,2065,2026-06-01,In Transit
SO-50257,PL-SUR,CD-CAN,LAC-1010,977,2026-06-02,In Transit
SO-50830,PL-SUR,CD-GDL,LAC-1015,418,2026-06-03,In Transit
SO-50871,PL-NTE,CD-HER,PRO-1012,957,31-May-2026,EN TRANSITO
SO-50443,PL-NTE,CD-SAL,ABA-1009,1223,02-Jun-2026,In Transit
SO-50764,PL-NTE,CD-MTY,BOT-1000,1787,03-Jun-2026,In Transit
SO-50796,PL-NTE,CD-SAL,ABA-1019,2242,02-Jun-2026,In Transit
SO-50637,PL-NTE,CD-MTY,LAC-1013,476,03-Jun-2026,In Transit
SO-50574,PL-SUR,CD-CAN,BOT-1019,0,2026-05-30,in transit
SO-50673,PL-NTE,CD-MTY,ABA-1010,803,2026-06-03,In Transit
SO-50533,PL-CEN,CD-VER,PRO-1012,484,01-Jun-2026,In Transit
SO-50271,PL-SUR,CD-MOR,BOT-1014,1699,03-Jun-2026,In Transit
SO-50296,PL-SUR,CD-CAN,BOT-1006,1435,2026-06-01,In Transit
SO-50308,PL-CEN,CD-VER,ABA-1008,1509,01-Jun-2026,Entregado
SO-50996,PL-SUR,CD-MER,BEB-1016,832,31-May-2026,In Transit
SO-50623,PL-NTE,CD-CHI,BOT-1009,2461,2026-06-01,EN TRANSITO
SO-50699,PL-SUR,CD-GDL,PRO-1011,1433,03-Jun-2026,En Transito
SO-50316,PL-CEN,CD-QRO,BOT-1019,2968,2026-06-02,In Transit
SO-50498,PL-CEN,CD-VER,BOT-1010,1435,2026-06-03,In Transit
SO-50468,PL-SUR,CD-MOR,ABA-1012,427,2026-06-02,in transit
SO-50496,PL-NTE,CD-MTY, LAC-1009 ,276,03-Jun-2026,In Transit
SO-50703,PL-CEN,CD-CDMX,BEB-1013,1509,03-Jun-2026,Entregado
SO-50649,PL-CEN,CD-PUE,ABA-1009,721,2026-06-03,In Transit
SO-50021,PL-NTE,CD-SAL,BEB-1004,780,03-Jun-2026,Entregado
SO-50760,PL-SUR,CD-MER,BEB-1003,555,01-Jun-2026,En Transito
SO-50218,PL-CEN,CD-QRO,LAC-1010,286,03-Jun-2026,IN_TRANSIT
SO-50446,PL-NTE,CD-CHI,ABA-1008,570,02-Jun-2026,IN_TRANSIT
SO-50160,PL-SUR,CD-LEO,BOT-1009,2223,03-Jun-2026,In Transit
SO-50965,PL-SUR,CD-MOR,BEB-1010,1193,2026-06-02,In Transit
SO-50558,PL-CEN,CD-TOL,PRO-1011,225,2026-06-03,In Transit
SO-50436,PL-CEN,CD-VER,BOT-1014,2491,01-Jun-2026,In Transit
SO-50406,PL-CEN,CD-QRO,ABA-1006,978,03-Jun-2026,In Transit
SO-50367,PL-SUR,CD-MOR,BEB-1019,1763,03-Jun-2026,In Transit
SO-50550,PL-CEN,CD-QRO,PRO-1007,273,02-Jun-2026,In Transit
SO-50868,PL-CEN,CD-PUE,LAC-1016,405,2026-06-03,In Transit
SO-51003,PL-SUR,CD-LEO,LAC-1004,134,24-May-2026,En Transito
SO-50610,PL-SUR,CD-CAN,BOT-1014,822,03-Jun-2026,In Transit
SO-50177,PL-SUR,CD-GDL, ABA-1004 ,574,03-Jun-2026,En Transito
SO-51022,PL-CEN,CD-PUE,LAC-1002,318,20-May-2026,In Transit
SO-50486,PL-CEN,CD-VER,PRO-1011,441,2026-06-01,In Transit
SO-50882,PL-NTE,CD-TIJ,BOT-1005,1583,2026-06-01,in transit
SO-51102,PL-NTE,CD-SAL,PRO-1009,349,2026-05-26,IN_TRANSIT
SO-50079,PL-SUR,CD-MER,BOT-1008,2889,2026-06-03,In Transit
SO-50100,PL-CEN,CD-TOL,BOT-1005,1340,2026-06-02,In Transit
SO-50324,PL-NTE,CD-MTY, BOT-1022 ,1760,2026-06-03,Entregado
SO-50259,PL-SUR,CD-CAN,ABA-1000,939,31-May-2026,In Transit
SO-50625,PL-CEN,CD-VER,PRO-1003,130,03-Jun-2026,In Transit
SO-50562,PL-SUR,CD-LEO,LAC-1007,525,2026-06-03,In Transit
SO-51072,PL-NTE,CD-MTY,BOT-1023,67,03-Jun-2026,In Transit
SO-50402,PL-NTE,CD-HER, LAC-1005 ,2052,31-May-2026,In Transit
SO-51030,PL-SUR,CD-MOR,LAC-1004,326,24-May-2026,In Transit
SO-51007,PL-CEN,CD-TOL,LAC-1003,269,2026-05-24,In Transit
SO-50221,PL-SUR,CD-LEO,PRO-1010,2022,2026-06-03,In Transit
SO-50447,PL-NTE,CD-TIJ,BEB-1010,849,2026-06-03,In Transit
SO-50188,PL-NTE,CD-HER,BOT-1010,1550,2026-06-02,In Transit
SO-50458,PL-NTE,CD-MTY,ABA-1014,842,2026-06-03,In Transit
SO-50608,PL-NTE,CD-SAL,BOT-1008,674,2026-06-02,In Transit
SO-50206,PL-NTE,CD-HER,LAC-1007,623,2026-06-03,In Transit
SO-50470,PL-NTE,CD-MTY,BOT-1007,2171,03-Jun-2026,In Transit
SO-50854,PL-NTE,CD-SAL,PRO-1011,641,2026-06-03,En Transito
SO-51089,PL-CEN,CD-QRO,BOT-1010,38,2026-06-01,In Transit
SO-50850,PL-CEN,CD-VER,PRO-1000,1636,01-Jun-2026,In Transit
SO-50794,PL-CEN,CD-VER,LAC-1009,1213,01-Jun-2026,in transit
SO-50818,PL-CEN,CD-VER,ABA-1007,2072,03-Jun-2026,in transit
SO-50366,PL-SUR,CD-CAN,LAC-1012,878,2026-05-31,In Transit
SO-50630,PL-CEN,CD-VER,PRO-1003,1525,2026-06-03,IN_TRANSIT
SO-50902,PL-SUR,CD-MOR,ABA-1017,372,02-Jun-2026,In Transit
SO-50793,PL-CEN,CD-QRO,ABA-1000,866,2026-06-02,in transit
SO-50759,PL-NTE,CD-SAL,PRO-1000,406,02-Jun-2026,In Transit
SO-50638,PL-SUR,CD-CAN,BOT-1014,773,03-Jun-2026,In Transit
SO-50588,PL-CEN,CD-CDMX,BEB-1012,801,2026-06-03,In Transit
SO-50230,PL-SUR,CD-LEO,BOT-1003,1355,2026-06-02,In Transit
SO-50451,PL-CEN,CD-VER,ABA-1015,664,01-Jun-2026,in transit
SO-51020,PL-CEN,CD-PUE,LAC-1016,228,18-May-2026,In Transit
SO-50657,PL-SUR,CD-LEO,PRO-1011,946,2026-06-02,In Transit
SO-50513,PL-NTE,CD-SAL,LAC-1014,1295,02-Jun-2026,In Transit
SO-50778,PL-CEN,CD-QRO,ABA-1018,1159,2026-06-02,In Transit
SO-50369,PL-SUR,CD-MOR,ABA-1002,1477,02-Jun-2026,In Transit
SO-50714,PL-NTE,CD-CHI, BEB-1005 ,509,03-Jun-2026,In Transit
SO-50287,PL-NTE,CD-MTY,PRO-1013,1818,03-Jun-2026,In Transit
SO-50962,PL-NTE,CD-CHI,BEB-1007,1347,02-Jun-2026,In Transit
SO-50063,PL-SUR,CD-LEO,ABA-1007,901,2026-06-02,In Transit
SO-50092,PL-CEN,CD-PUE,BEB-1016,509,2026-06-03,In Transit
SO-50082,PL-NTE,CD-HER,ABA-1010,415,2026-06-01,In Transit
SO-50467,PL-CEN,CD-PUE,LAC-1011,642,03-Jun-2026,In Transit
SO-50104,PL-SUR,CD-CAN, BOT-1009 ,1143,2026-06-02,In Transit
SO-50152,PL-SUR,CD-MER,BEB-1020,1669,01-Jun-2026,in transit
SO-51041,PL-NTE,CD-HER,LAC-1007,81,2026-06-02,In Transit
SO-50056,PL-NTE,CD-HER,LAC-1005,996,03-Jun-2026,In Transit
SO-50073,PL-CEN,CD-TOL,ABA-1003,1877,2026-06-03,In Transit
SO-50368,PL-CEN,CD-PUE, BOT-1000 ,890,2026-06-03,In Transit
SO-50110,PL-CEN,CD-TOL,BEB-1001,2055,03-Jun-2026,EN TRANSITO
SO-50075,PL-CEN,CD-TOL,BEB-1010,1983,2026-06-03,En Transito
SO-50689,PL-CEN,CD-QRO,BEB-1009,705,03-Jun-2026,En Transito
SO-51088,PL-SUR,CD-MER,ABA-1005,23,02-Jun-2026,In Transit
SO-50394,PL-SUR,CD-MOR,LAC-1006,353,03-Jun-2026,IN_TRANSIT
SO-50531,PL-NTE,CD-MTY,BOT-1002,1098,03-Jun-2026,In Transit
SO-50317,PL-CEN,CD-CDMX,XXX-8706,3077,2026-06-03,In Transit
SO-50302,PL-SUR,CD-LEO,LAC-1005,1749,03-Jun-2026,In Transit
SO-50928,PL-CEN,CD-VER,BEB-1019,1199,2026-06-01,In Transit
SO-50772,PL-CEN,CD-VER,BEB-1013,2749,2026-06-01,In Transit
SO-50908,PL-SUR,CD-CAN,LAC-1000,565,02-Jun-2026,In Transit
SO-50688,PL-SUR,CD-LEO,BEB-1014,380,03-Jun-2026,En Transito
SO-50744,PL-NTE,CD-MTY, BEB-1006 ,395,03-Jun-2026,In Transit
SO-50171,PL-SUR,CD-GDL,BOT-1002,1676,03-Jun-2026,In Transit
SO-50088,PL-SUR,CD-CAN,BOT-1011,1750,03-Jun-2026,In Transit
SO-50384,PL-SUR,CD-MER,BOT-1019,2821,2026-06-03,in transit
SO-50483,PL-SUR,CD-MER, BEB-1018 ,1097,03-Jun-2026,EN TRANSITO
SO-50567,PL-CEN,CD-VER,PRO-1000,1486,02-Jun-2026,In Transit
SO-50700,PL-SUR,CD-GDL,BOT-1011,3075,2026-06-03,In Transit
SO-50378,PL-NTE,CD-TIJ,LAC-1011,924,03-Jun-2026,In Transit
SO-50910,PL-SUR,CD-MER,BEB-1013,1716,2026-06-01,In Transit
SO-50350,PL-SUR,CD-MER,ABA-1016,602,2026-06-02,in transit
SO-50790,PL-SUR,CD-MOR,BOT-1019,1979,02-Jun-2026,In Transit
SO-50382,PL-CEN,CD-PUE, BOT-1021 ,1050,03-Jun-2026,In Transit
SO-50806,PL-CEN,CD-CDMX,LAC-1008,585,03-Jun-2026,In Transit
SO-50327,PL-SUR,CD-GDL,BEB-1005,1262,03-Jun-2026,IN_TRANSIT
SO-50620,PL-SUR,CD-LEO, BEB-1007 ,542,2026-06-03,IN_TRANSIT
SO-50224,PL-CEN,CD-TOL,PRO-1000,398,02-Jun-2026,En Transito
SO-50349,PL-CEN,CD-VER,PRO-1004,987,2026-06-03,In Transit
SO-50891,PL-NTE,CD-HER,ABA-1000,1012,02-Jun-2026,In Transit
SO-50589,PL-SUR,CD-MER,LAC-1010,1936,2026-06-01,Entregado
SO-50471,PL-NTE,CD-TIJ,PRO-1006,545,2026-06-02,In Transit
SO-50208,PL-SUR,CD-GDL,PRO-1011,1237,2026-06-03,In Transit
SO-50119,PL-NTE,CD-HER,PRO-1007,938,03-Jun-2026,In Transit
SO-51015,PL-NTE,CD-SAL,LAC-1007,101,2026-05-19,in transit
SO-50949,PL-NTE,CD-MTY,BEB-1007,1613,03-Jun-2026,in transit
SO-50009,PL-CEN,CD-PUE,PRO-1001,390,03-Jun-2026,In Transit
SO-50039,PL-NTE,CD-SAL,BEB-1007,511,02-Jun-2026,In Transit
SO-50253,PL-SUR,CD-LEO,LAC-1013,587,03-Jun-2026,In Transit
SO-50785,PL-CEN,CD-CDMX,ABA-1013,927,2026-06-03,In Transit
SO-50106,PL-NTE,CD-CHI,LAC-1010,479,2026-06-03,In Transit
SO-50856,PL-CEN,CD-PUE,LAC-1007,1883,03-Jun-2026,In Transit
SO-50747,PL-SUR,CD-LEO,ABA-1008,212,2026-06-02,In Transit
SO-50499,PL-NTE,CD-MTY,BEB-1011,1475,03-Jun-2026,In Transit
SO-50228,PL-NTE,CD-HER,PRO-1002,1455,2026-05-31,In Transit
SO-50724,PL-SUR,CD-MOR,PRO-1009,534,03-Jun-2026,In Transit
SO-50166,PL-NTE,CD-HER,BOT-1003,913,2026-06-02,In Transit
SO-50935,PL-CEN,CD-VER,LAC-1011,218,2026-06-03,IN_TRANSIT
SO-51049,PL-NTE,CD-CHI,BOT-1015,73,2026-06-02,In Transit
SO-50142,PL-NTE,CD-TIJ,LAC-1000,736,03-Jun-2026,In Transit
SO-50727,PL-SUR,CD-MER,LAC-1016,1446,31-May-2026,In Transit
SO-50282,PL-CEN,CD-QRO,LAC-1007,374,02-Jun-2026,In Transit
SO-50007,PL-SUR,CD-MOR,BOT-1003,2458,2026-06-02,IN_TRANSIT
SO-50510,PL-NTE,CD-CHI, ABA-1010 ,374,02-Jun-2026,In Transit
SO-50331,PL-CEN,CD-VER,BEB-1019,663,01-Jun-2026,In Transit
SO-50963,PL-CEN,CD-QRO,BEB-1013,2407,2026-06-03,in transit
SO-51078,PL-SUR,CD-GDL,BOT-1001,62,2026-06-01,in transit
SO-50800,PL-CEN,CD-PUE,LAC-1011,920,03-Jun-2026,In Transit
SO-50506,PL-SUR,CD-LEO,PRO-1012,1809,2026-06-02,In Transit
SO-50502,PL-CEN,CD-VER,BEB-1002,1010,01-Jun-2026,In Transit
SO-50939,PL-SUR,CD-MER,ABA-1016,650,03-Jun-2026,In Transit
SO-50493,PL-CEN,CD-TOL,ABA-1005,993,2026-06-03,In Transit
SO-50804,PL-CEN,CD-PUE,LAC-1007,390,2026-06-03,In Transit
SO-50001,PL-CEN,CD-QRO,ABA-1006,459,2026-06-02,In Transit
SO-50154,PL-SUR,CD-CAN,LAC-1006,707,2026-06-02,in transit
SO-50940,PL-CEN,CD-CDMX, BEB-1019 ,2630,03-Jun-2026,IN_TRANSIT
SO-50359,PL-CEN,CD-CDMX, BEB-1008 ,2221,2026-06-03,Entregado
SO-50258,PL-CEN,CD-VER,PRO-1008,1690,2026-06-01,In Transit
SO-51035,PL-NTE,CD-HER,LAC-1004,150,26-May-2026,In Transit
SO-50585,PL-NTE,CD-CHI,LAC-1017,317,03-Jun-2026,In Transit
SO-51009,PL-SUR,CD-MER, LAC-1003 ,221,21-May-2026,In Transit
SO-50651,PL-NTE,CD-TIJ,PRO-1005,561,30-May-2026,In Transit
SO-51062,PL-CEN,CD-PUE,LAC-1001,53,01-Jun-2026,In Transit
SO-50011,PL-CEN,CD-QRO, ABA-1002 ,356,02-Jun-2026,In Transit
SO-50605,PL-SUR,CD-CAN,PRO-1013,1446,02-Jun-2026,In Transit
SO-50537,PL-NTE,CD-TIJ, ABA-1006 ,832,02-Jun-2026,In Transit
SO-50045,PL-CEN,CD-PUE,BOT-1001,2949,03-Jun-2026,In Transit
SO-50894,PL-NTE,CD-SAL,LAC-1004,782,2026-06-03,En Transito
SO-50835,PL-CEN,CD-VER,BOT-1006,2738,2026-06-02,In Transit
SO-50631,PL-NTE,CD-HER,LAC-1017,283,2026-05-31,In Transit
SO-50242,PL-SUR,CD-MOR,BEB-1000,1198,2026-06-02,In Transit
SO-50786,PL-NTE,CD-CHI,BEB-1008,845,03-Jun-2026,In Transit
SO-51091,PL-CEN,CD-PUE,BOT-1014,386,2026-05-27,In Transit
SO-51080,PL-NTE,CD-SAL,PRO-1007,62,2026-06-02,En Transito
SO-50532,PL-CEN,CD-TOL,LAC-1000,386,2026-06-02,In Transit
SO-50130,PL-NTE,CD-TIJ,BEB-1020,510,2026-06-01,In Transit
SO-50808,PL-NTE,CD-TIJ,LAC-1001,1018,2026-06-02,Entregado
SO-50233,PL-CEN,CD-QRO,ABA-1014,1654,03-Jun-2026,In Transit
SO-50989,PL-NTE,CD-TIJ,ABA-1019,1931,02-Jun-2026,Entregado
SO-50791,PL-CEN,CD-PUE,ABA-1012,619,03-Jun-2026,EN TRANSITO
SO-50250,PL-NTE,CD-MTY,ABA-1007,784,03-Jun-2026,EN TRANSITO
SO-50071,PL-NTE,CD-MTY,BEB-1006,635,03-Jun-2026,In Transit
SO-51068,PL-SUR,CD-GDL,BEB-1013,49,03-Jun-2026,In Transit
SO-50176,PL-CEN,CD-TOL,LAC-1005,499,02-Jun-2026,In Transit
SO-50708,PL-NTE,CD-HER,ABA-1018,2085,2026-06-03,in transit
SO-50010,PL-SUR,CD-GDL,LAC-1001,1478,2026-06-03,In Transit
SO-50020,PL-NTE,CD-MTY,BOT-1007,909,03-Jun-2026,In Transit
SO-50577,PL-CEN,CD-VER,LAC-1003,655,2026-06-02,IN_TRANSIT
SO-50423,PL-CEN,CD-VER,BOT-1014,4284,2026-06-03,In Transit
SO-50292,PL-SUR,CD-MER,LAC-1007,1150,2026-06-02,In Transit
SO-50655,PL-NTE,CD-MTY,ABA-1008,591,03-Jun-2026,EN TRANSITO
SO-50227,PL-SUR,CD-MER,PRO-1012,966,2026-05-31,In Transit
SO-50994,PL-CEN,CD-TOL,LAC-1002,694,03-Jun-2026,In Transit
SO-50617,PL-SUR,CD-MOR,BOT-1016,523,02-Jun-2026,In Transit
SO-51067,PL-SUR,CD-MOR,PRO-1000,89,2026-06-03,In Transit
SO-50524,PL-CEN,CD-CDMX,BOT-1010,1381,2026-06-03,In Transit
SO-50383,PL-NTE,CD-MTY,LAC-1017,635,2026-06-03,In Transit
SO-50704,PL-SUR,CD-GDL,BOT-1007,2538,03-Jun-2026,In Transit
SO-50725,PL-NTE,CD-CHI,LAC-1007,1035,03-Jun-2026,In Transit
SO-50094,PL-NTE,CD-TIJ,LAC-1012,1485,31-May-2026,In Transit
SO-50613,PL-NTE,CD-SAL, PRO-1013 ,409,2026-06-02,En Transito
SO-50461,PL-SUR,CD-GDL,BOT-1005,753,03-Jun-2026,In Transit
SO-50696,PL-NTE,CD-MTY,BOT-1011,2641,03-Jun-2026,In Transit
SO-50248,PL-SUR,CD-LEO,PRO-1005,1272,03-Jun-2026,In Transit
SO-50743,PL-SUR,CD-GDL,ABA-1012,871,2026-06-03,En Transito
SO-50678,PL-CEN,CD-PUE, BOT-1000 ,2073,03-Jun-2026,In Transit
SO-50278,PL-NTE,CD-CHI,PRO-1006,1591,01-Jun-2026,Entregado
SO-50581,PL-CEN,CD-QRO,PRO-1006,705,2026-06-03,IN_TRANSIT
SO-50454,PL-CEN,CD-QRO,LAC-1010,438,02-Jun-2026,In Transit
SO-50185,PL-CEN,CD-PUE,ABA-1013,1494,03-Jun-2026,In Transit
SO-50761,PL-NTE,CD-CHI,BEB-1001,2014,2026-06-01,In Transit
SO-50290,PL-CEN,CD-CDMX,XXX-8909,1721,03-Jun-2026,In Transit
SO-50180,PL-NTE,CD-CHI,ABA-1010,1348,03-Jun-2026,En Transito
SO-50064,PL-SUR,CD-GDL,PRO-1007,638,03-Jun-2026,In Transit
SO-50097,PL-NTE,CD-MTY,LAC-1012,578,03-Jun-2026,In Transit
SO-50730,PL-SUR,CD-MOR,LAC-1001,1754,02-Jun-2026,EN TRANSITO
SO-50915,PL-SUR,CD-MOR, BOT-1021 ,1588,02-Jun-2026,In Transit
SO-50434,PL-CEN,CD-QRO,BEB-1013,861,2026-06-02,In Transit
SO-50575,PL-SUR,CD-MER,BOT-1002,2658,02-Jun-2026,In Transit
SO-50998,PL-SUR,CD-MER, PRO-1010 ,1483,31-May-2026,In Transit
SO-50070,PL-SUR,CD-MOR,BOT-1018,581,03-Jun-2026,In Transit
SO-50191,PL-CEN,CD-TOL,ABA-1004,1250,2026-06-02,In Transit
SO-50839,PL-CEN,CD-VER,PRO-1002,1121,01-Jun-2026,EN TRANSITO
SO-50967,PL-NTE,CD-CHI,BEB-1005,691,2026-06-01,In Transit
SO-50518,PL-CEN,CD-CDMX,LAC-1006,1850,03-Jun-2026,In Transit
SO-50619,PL-NTE,CD-MTY,BOT-1019,1247,03-Jun-2026,In Transit
SO-50235,PL-NTE,CD-SAL,LAC-1012,1155,02-Jun-2026,En Transito
SO-50409,PL-CEN,CD-TOL,BOT-1020,529,2026-06-03,En Transito
SO-50463,PL-NTE,CD-SAL, BEB-1020 ,785,2026-06-03,In Transit
SO-50601,PL-SUR,CD-MER,PRO-1002,863,03-Jun-2026,In Transit
SO-50858,PL-NTE,CD-CHI,LAC-1001,685,01-Jun-2026,in transit
SO-51000,PL-NTE,CD-SAL,ABA-1018,560,2026-06-03,In Transit
SO-50157,PL-SUR,CD-LEO,LAC-1006,805,03-Jun-2026,In Transit
SO-50445,PL-NTE,CD-MTY,BEB-1019,763,2026-06-03,In Transit
SO-50391,PL-CEN,CD-TOL,BEB-1001,1039,2026-06-03,In Transit
SO-50964,PL-SUR,CD-LEO,BOT-1021,1645,03-Jun-2026,In Transit
SO-50414,PL-SUR,CD-MOR,BOT-1002,2393,2026-06-02,IN_TRANSIT
SO-50396,PL-SUR,CD-LEO,BOT-1008,1672,2026-06-03,In Transit
SO-50628,PL-NTE,CD-SAL,ABA-1014,1075,2026-06-02,In Transit
SO-50821,PL-CEN,CD-PUE,BOT-1023,2755,03-Jun-2026,In Transit
SO-50054,PL-NTE,CD-CHI,LAC-1006,432,2026-06-03,EN TRANSITO
SO-50621,PL-NTE,CD-TIJ,BOT-1023,3232,2026-06-03,In Transit
SO-50662,PL-CEN,CD-VER,BOT-1023,1443,2026-06-01,In Transit
SO-50322,PL-CEN,CD-QRO,BEB-1002,1490,2026-06-02,In Transit
SO-51095,PL-NTE,CD-SAL,LAC-1001,164,27-May-2026,Entregado
SO-50956,PL-CEN,CD-TOL, PRO-1010 ,947,02-Jun-2026,In Transit
SO-50827,PL-CEN,CD-CDMX,BEB-1013,1093,03-Jun-2026,In Transit
SO-50728,PL-CEN,CD-VER,LAC-1006,913,01-Jun-2026,In Transit
SO-50432,PL-SUR,CD-MOR,BEB-1016,757,02-Jun-2026,In Transit
SO-50766,PL-NTE,CD-CHI,PRO-1010,1376,2026-06-01,En Transito
SO-50360,PL-CEN,CD-TOL,ABA-1018,1210,02-Jun-2026,In Transit
SO-50972,PL-CEN,CD-CDMX,LAC-1001,1075,03-Jun-2026,In Transit
SO-50398,PL-SUR,CD-GDL,PRO-1007,946,03-Jun-2026,In Transit
SO-50652,PL-NTE,CD-TIJ, BEB-1002 ,1792,2026-06-02,In Transit
SO-50280,PL-CEN,CD-PUE,LAC-1006,870,03-Jun-2026,In Transit
SO-50536,PL-NTE,CD-MTY,BOT-1004,1943,2026-06-03,In Transit
SO-50872,PL-CEN,CD-TOL,BEB-1014,900,02-Jun-2026,En Transito
SO-51032,PL-CEN,CD-QRO,LAC-1000,244,17-May-2026,In Transit
SO-50988,PL-NTE,CD-CHI, BOT-1022 ,2253,02-Jun-2026,In Transit
SO-50788,PL-CEN,CD-VER,ABA-1017,2273,02-Jun-2026,In Transit
SO-50916,PL-NTE,CD-HER,BOT-1020,3060,2026-06-02,in transit
SO-50723,PL-CEN,CD-PUE,ABA-1011,927,2026-06-03,In Transit
SO-50542,PL-CEN,CD-VER,BOT-1008,3214,2026-06-01,In Transit
SO-50675,PL-NTE,CD-CHI, BEB-1011 ,348,02-Jun-2026,In Transit
SO-50597,PL-CEN,CD-CDMX,ABA-1015,1247,2026-06-03,In Transit
SO-50540,PL-CEN,CD-QRO,BEB-1015,1135,2026-06-02,EN TRANSITO
SO-50681,PL-SUR,CD-CAN, LAC-1000 ,940,2026-06-02,In Transit
SO-51033,PL-SUR,CD-CAN,LAC-1002,345,2026-05-22,In Transit
SO-50938,PL-CEN,CD-VER,BOT-1019,720,02-Jun-2026,In Transit
SO-50936,PL-SUR,CD-GDL,ABA-1008,872,03-Jun-2026,In Transit
SO-51019,PL-CEN,CD-PUE,LAC-1001,276,21-May-2026,In Transit
SO-50473,PL-SUR,CD-MER,LAC-1012,699,01-Jun-2026,In Transit
SO-50765,PL-NTE,CD-TIJ,BEB-1006,1519,2026-06-03,In Transit
SO-50990,PL-SUR,CD-MOR,PRO-1000,1523,2026-06-02,In Transit
SO-50485,PL-NTE,CD-CHI,BOT-1017,1762,2026-06-03,Entregado
SO-50480,PL-CEN,CD-TOL,BOT-1006,3238,2026-06-03,EN TRANSITO
SO-50905,PL-NTE,CD-MTY,BOT-1019,2077,03-Jun-2026,In Transit
SO-50492,PL-CEN,CD-PUE,BOT-1012,2482,03-Jun-2026,EN TRANSITO
SO-50503,PL-SUR,CD-LEO,PRO-1002,1190,2026-06-02,In Transit
SO-50357,PL-CEN,CD-CDMX,ABA-1004,1635,2026-06-03,In Transit
SO-50961,PL-CEN,CD-QRO,ABA-1000,1018,2026-06-03,In Transit
SO-50813,PL-NTE,CD-SAL,LAC-1009,914,03-Jun-2026,In Transit
SO-50133,PL-CEN,CD-PUE,ABA-1007,1039,2026-06-03,In Transit
SO-50886,PL-NTE,CD-SAL,BEB-1000,1368,2026-06-03,in transit
